layer,layer_type,baseline_acc,accuracy_2bit,sensitivity_2bit,accuracy_4bit,sensitivity_4bit,accuracy_8bit,sensitivity_8bit
conv1,Conv2d,91.40625,9.38,82.03,79.69,11.72,90.62,0.78
layer1.0.conv1,Conv2d,91.40625,13.28,78.12,89.06,2.34,91.41,0.0
layer1.0.conv2,Conv2d,91.40625,39.06,52.34,92.19,-0.78,91.41,0.0
layer1.1.conv1,Conv2d,91.40625,65.62,25.78,90.62,0.78,91.41,0.0
layer1.1.conv2,Conv2d,91.40625,84.38,7.03,92.97,-1.56,91.41,0.0
layer2.0.conv1,Conv2d,91.40625,15.62,75.78,89.84,1.56,91.41,0.0
layer2.0.conv2,Conv2d,91.40625,53.12,38.28,90.62,0.78,91.41,0.0
layer2.0.downsample.0,Conv2d,91.40625,86.72,4.69,89.84,1.56,91.41,0.0
layer2.1.conv1,Conv2d,91.40625,75.78,15.62,92.19,-0.78,90.62,0.78
layer2.1.conv2,Conv2d,91.40625,71.09,20.31,91.41,0.0,91.41,0.0
layer3.0.conv1,Conv2d,91.40625,25.0,66.41,93.75,-2.34,91.41,0.0
layer3.0.conv2,Conv2d,91.40625,21.88,69.53,90.62,0.78,91.41,0.0
layer3.0.downsample.0,Conv2d,91.40625,92.97,-1.56,90.62,0.78,91.41,0.0
layer3.1.conv1,Conv2d,91.40625,19.53,71.88,91.41,0.0,91.41,0.0
layer3.1.conv2,Conv2d,91.40625,12.5,78.91,91.41,0.0,91.41,0.0
layer4.0.conv1,Conv2d,91.40625,89.06,2.34,91.41,0.0,91.41,0.0
layer4.0.conv2,Conv2d,91.40625,92.19,-0.78,91.41,0.0,91.41,0.0
layer4.0.downsample.0,Conv2d,91.40625,89.84,1.56,91.41,0.0,91.41,0.0
layer4.1.conv1,Conv2d,91.40625,92.19,-0.78,91.41,0.0,91.41,0.0
layer4.1.conv2,Conv2d,91.40625,92.19,-0.78,91.41,0.0,91.41,0.0
fc,Linear,91.40625,92.19,-0.78,92.19,-0.78,91.41,0.0
