cycle,layer,tile_id,pe_row,pe_col,bin_id,d,act_value,weight_value,product,partial_sum,packed_issue_id
1,conv1,0,0,0,0,3,0,2,0,0,1
1,conv1,0,0,1,0,3,0,2,0,0,1
1,conv1,0,0,2,0,3,0,2,0,0,1
1,conv1,0,0,3,0,3,0,2,0,0,1
1,conv1,0,1,0,0,3,0,3,0,0,1
1,conv1,0,1,1,0,3,0,3,0,0,1
1,conv1,0,1,2,0,3,0,3,0,0,1
1,conv1,0,1,3,0,3,0,3,0,0,1
1,conv1,0,2,0,0,3,0,-1,0,0,1
1,conv1,0,2,1,0,3,0,-1,0,0,1
1,conv1,0,2,2,0,3,0,-1,0,0,1
1,conv1,0,2,3,0,3,0,-1,0,0,1
1,conv1,0,3,0,0,3,0,1,0,0,1
1,conv1,0,3,1,0,3,0,1,0,0,1
1,conv1,0,3,2,0,3,0,1,0,0,1
1,conv1,0,3,3,0,3,0,1,0,0,1
2,conv1,0,0,0,1,3,0,-4,0,-30,2
2,conv1,0,0,1,1,3,0,-4,0,15,2
2,conv1,0,0,2,1,3,6,-4,-24,-24,2
2,conv1,0,0,3,1,3,4,-4,-16,-52,2
2,conv1,0,1,0,1,3,0,2,0,20,2
2,conv1,0,1,1,1,3,0,2,0,0,2
2,conv1,0,1,2,1,3,6,2,12,12,2
2,conv1,0,1,3,1,3,4,2,8,32,2
2,conv1,0,2,0,1,3,0,-1,0,20,2
2,conv1,0,2,1,1,3,0,-1,0,-10,2
2,conv1,0,2,2,1,3,6,-1,-6,-6,2
2,conv1,0,2,3,1,3,4,-1,-4,20,2
2,conv1,0,3,0,1,3,0,-2,0,-5,2
2,conv1,0,3,1,1,3,0,-2,0,35,2
2,conv1,0,3,2,1,3,6,-2,-12,-12,2
2,conv1,0,3,3,1,3,4,-2,-8,-14,2
3,conv1,0,0,0,2,3,2,0,0,-31,3
3,conv1,0,0,1,2,3,2,0,0,13,3
3,conv1,0,0,2,2,3,4,0,0,-26,3
3,conv1,0,0,3,2,3,0,0,0,-56,3
3,conv1,0,1,0,2,3,2,-3,-6,15,3
3,conv1,0,1,1,2,3,2,-3,-6,-7,3
3,conv1,0,1,2,2,3,4,-3,-12,-4,3
3,conv1,0,1,3,2,3,0,-3,0,30,3
3,conv1,0,2,0,2,3,2,2,4,23,3
3,conv1,0,2,1,2,3,2,2,4,-9,3
3,conv1,0,2,2,2,3,4,2,8,-2,3
3,conv1,0,2,3,2,3,0,2,0,14,3
3,conv1,0,3,0,2,3,2,4,8,5,3
3,conv1,0,3,1,2,3,2,4,8,44,3
3,conv1,0,3,2,2,3,4,4,16,2,3
3,conv1,0,3,3,2,3,0,4,0,-12,3
4,conv1,1,0,0,0,3,0,2,0,0,4
4,conv1,1,0,1,0,3,0,2,0,0,4
4,conv1,1,0,2,0,3,0,2,0,0,4
4,conv1,1,0,3,0,3,0,2,0,0,4
4,conv1,1,1,0,0,3,0,3,0,0,4
4,conv1,1,1,1,0,3,0,3,0,0,4
4,conv1,1,1,2,0,3,0,3,0,0,4
4,conv1,1,1,3,0,3,0,3,0,0,4
4,conv1,1,2,0,0,3,0,-1,0,0,4
4,conv1,1,2,1,0,3,0,-1,0,0,4
4,conv1,1,2,2,0,3,0,-1,0,0,4
4,conv1,1,2,3,0,3,0,-1,0,0,4
4,conv1,1,3,0,0,3,0,1,0,0,4
4,conv1,1,3,1,0,3,0,1,0,0,4
4,conv1,1,3,2,0,3,0,1,0,0,4
4,conv1,1,3,3,0,3,0,1,0,0,4
5,conv1,1,0,0,1,3,2,-4,-8,-14,5
5,conv1,1,0,1,1,3,5,-4,-20,-20,5
5,conv1,1,0,2,1,3,2,-4,-8,-32,5
5,conv1,1,0,3,1,3,3,-4,-12,-9,5
5,conv1,1,1,0,1,3,2,2,4,20,5
5,conv1,1,1,1,1,3,5,2,10,18,5
5,conv1,1,1,2,1,3,2,2,4,24,5
5,conv1,1,1,3,1,3,3,2,6,14,5
5,conv1,1,2,0,1,3,2,-1,-2,2,5
5,conv1,1,2,1,1,3,5,-1,-5,-5,5
5,conv1,1,2,2,1,3,2,-1,-2,14,5
5,conv1,1,2,3,1,3,3,-1,-3,-5,5
5,conv1,1,3,0,1,3,2,-2,-4,34,5
5,conv1,1,3,1,1,3,5,-2,-10,16,5
5,conv1,1,3,2,1,3,2,-2,-4,5,5
5,conv1,1,3,3,1,3,3,-2,-6,27,5
6,conv1,1,0,0,2,3,3,0,0,-14,6
6,conv1,1,0,1,2,3,4,0,0,-23,6
6,conv1,1,0,2,2,3,1,0,0,-36,6
6,conv1,1,0,3,2,3,2,0,0,-10,6
6,conv1,1,1,0,2,3,3,-3,-9,-1,6
6,conv1,1,1,1,2,3,4,-3,-12,9,6
6,conv1,1,1,2,2,3,1,-3,-3,16,6
6,conv1,1,1,3,2,3,2,-3,-6,-3,6
6,conv1,1,2,0,2,3,3,2,6,4,6
6,conv1,1,2,1,2,3,4,2,8,0,6
6,conv1,1,2,2,2,3,1,2,2,9,6
6,conv1,1,2,3,2,3,2,2,4,-6,6
6,conv1,1,3,0,2,3,3,4,12,34,6
6,conv1,1,3,1,2,3,4,4,16,38,6
6,conv1,1,3,2,2,3,1,4,4,8,6
6,conv1,1,3,3,2,3,2,4,8,25,6
7,conv1,2,0,0,0,3,0,2,0,0,7
7,conv1,2,0,1,0,3,0,2,0,0,7
7,conv1,2,0,2,0,3,0,2,0,0,7
7,conv1,2,0,3,0,3,0,2,0,0,7
7,conv1,2,1,0,0,3,0,3,0,0,7
7,conv1,2,1,1,0,3,0,3,0,0,7
7,conv1,2,1,2,0,3,0,3,0,0,7
7,conv1,2,1,3,0,3,0,3,0,0,7
7,conv1,2,2,0,0,3,0,-1,0,0,7
7,conv1,2,2,1,0,3,0,-1,0,0,7
7,conv1,2,2,2,0,3,0,-1,0,0,7
7,conv1,2,2,3,0,3,0,-1,0,0,7
7,conv1,2,3,0,0,3,0,1,0,0,7
7,conv1,2,3,1,0,3,0,1,0,0,7
7,conv1,2,3,2,0,3,0,1,0,0,7
7,conv1,2,3,3,0,3,0,1,0,0,7
8,conv1,2,0,0,1,3,3,-4,-12,-24,8
8,conv1,2,0,1,1,3,7,-4,-28,-37,8
8,conv1,2,0,2,1,3,6,-4,-24,-57,8
8,conv1,2,0,3,1,3,2,-4,-8,-23,8
8,conv1,2,1,0,1,3,3,2,6,18,8
8,conv1,2,1,1,1,3,7,2,14,26,8
8,conv1,2,1,2,1,3,6,2,12,40,8
8,conv1,2,1,3,1,3,2,2,4,28,8
8,conv1,2,2,0,1,3,3,-1,-3,5,8
8,conv1,2,2,1,1,3,7,-1,-7,-1,8
8,conv1,2,2,2,1,3,6,-1,-6,16,8
8,conv1,2,2,3,1,3,2,-1,-2,8,8
8,conv1,2,3,0,1,3,3,-2,-6,5,8
8,conv1,2,3,1,1,3,7,-2,-14,4,8
8,conv1,2,3,2,1,3,6,-2,-12,2,8
8,conv1,2,3,3,1,3,2,-2,-4,39,8
9,conv1,2,0,0,2,3,4,0,0,-26,9
9,conv1,2,0,1,2,3,2,0,0,-41,9
9,conv1,2,0,2,2,3,3,0,0,-59,9
9,conv1,2,0,3,2,3,3,0,0,-26,9
9,conv1,2,1,0,2,3,4,-3,-12,5,9
9,conv1,2,1,1,2,3,2,-3,-6,18,9
9,conv1,2,1,2,2,3,3,-3,-9,21,9
9,conv1,2,1,3,2,3,3,-3,-9,16,9
9,conv1,2,2,0,2,3,4,2,8,10,9
9,conv1,2,2,1,2,3,2,2,4,-3,9
9,conv1,2,2,2,2,3,3,2,6,16,9
9,conv1,2,2,3,2,3,3,2,6,9,9
9,conv1,2,3,0,2,3,4,4,16,22,9
9,conv1,2,3,1,2,3,2,4,8,14,9
9,conv1,2,3,2,2,3,3,4,12,6,9
9,conv1,2,3,3,2,3,3,4,12,51,9
10,conv1,3,0,0,0,3,0,2,0,0,10
10,conv1,3,0,1,0,3,0,2,0,0,10
10,conv1,3,0,2,0,3,0,2,0,0,10
10,conv1,3,0,3,0,3,0,2,0,0,10
10,conv1,3,1,0,0,3,0,3,0,0,10
10,conv1,3,1,1,0,3,0,3,0,0,10
10,conv1,3,1,2,0,3,0,3,0,0,10
10,conv1,3,1,3,0,3,0,3,0,0,10
10,conv1,3,2,0,0,3,0,-1,0,0,10
10,conv1,3,2,1,0,3,0,-1,0,0,10
10,conv1,3,2,2,0,3,0,-1,0,0,10
10,conv1,3,2,3,0,3,0,-1,0,0,10
10,conv1,3,3,0,0,3,0,1,0,0,10
10,conv1,3,3,1,0,3,0,1,0,0,10
10,conv1,3,3,2,0,3,0,1,0,0,10
10,conv1,3,3,3,0,3,0,1,0,0,10
11,conv1,3,0,0,1,3,2,-4,-8,-2,11
11,conv1,3,0,1,1,3,3,-4,-12,-18,11
11,conv1,3,0,2,1,3,0,-4,0,-12,11
11,conv1,3,0,3,1,3,2,-4,-8,1,11
11,conv1,3,1,0,1,3,2,2,4,12,11
11,conv1,3,1,1,1,3,3,2,6,14,11
11,conv1,3,1,2,1,3,0,2,0,12,11
11,conv1,3,1,3,1,3,2,2,4,4,11
11,conv1,3,2,0,1,3,2,-1,-2,-6,11
11,conv1,3,2,1,1,3,3,-1,-3,1,11
11,conv1,3,2,2,1,3,0,-1,0,8,11
11,conv1,3,2,3,1,3,2,-1,-2,-8,11
11,conv1,3,3,0,1,3,2,-2,-4,36,11
11,conv1,3,3,1,1,3,3,-2,-6,6,11
11,conv1,3,3,2,1,3,0,-2,0,11,11
11,conv1,3,3,3,1,3,2,-2,-4,17,11
12,conv1,3,0,0,2,3,1,0,0,-5,12
12,conv1,3,0,1,2,3,4,0,0,-19,12
12,conv1,3,0,2,2,3,1,0,0,-16,12
12,conv1,3,0,3,2,3,4,0,0,0,12
12,conv1,3,1,0,2,3,1,-3,-3,3,12
12,conv1,3,1,1,2,3,4,-3,-12,-6,12
12,conv1,3,1,2,2,3,1,-3,-3,10,12
12,conv1,3,1,3,2,3,4,-3,-12,-19,12
12,conv1,3,2,0,2,3,1,2,2,-10,12
12,conv1,3,2,1,2,3,4,2,8,5,12
12,conv1,3,2,2,2,3,1,2,2,5,12
12,conv1,3,2,3,2,3,4,2,8,-5,12
12,conv1,3,3,0,2,3,1,4,4,37,12
12,conv1,3,3,1,2,3,4,4,16,15,12
12,conv1,3,3,2,2,3,1,4,4,20,12
12,conv1,3,3,3,2,3,4,4,16,23,12
13,conv1,4,0,0,0,3,0,2,0,0,13
13,conv1,4,0,1,0,3,0,2,0,0,13
13,conv1,4,0,2,0,3,0,2,0,0,13
13,conv1,4,0,3,0,3,0,2,0,0,13
13,conv1,4,1,0,0,3,0,3,0,0,13
13,conv1,4,1,1,0,3,0,3,0,0,13
13,conv1,4,1,2,0,3,0,3,0,0,13
13,conv1,4,1,3,0,3,0,3,0,0,13
13,conv1,4,2,0,0,3,0,-1,0,0,13
13,conv1,4,2,1,0,3,0,-1,0,0,13
13,conv1,4,2,2,0,3,0,-1,0,0,13
13,conv1,4,2,3,0,3,0,-1,0,0,13
13,conv1,4,3,0,0,3,0,1,0,0,13
13,conv1,4,3,1,0,3,0,1,0,0,13
13,conv1,4,3,2,0,3,0,1,0,0,13
13,conv1,4,3,3,0,3,0,1,0,0,13
14,conv1,4,0,0,1,3,7,-4,-28,-40,14
14,conv1,4,0,1,1,3,6,-4,-24,-60,14
14,conv1,4,0,2,1,3,4,-4,-16,-31,14
14,conv1,4,0,3,1,3,3,-4,-12,-18,14
14,conv1,4,1,0,1,3,7,2,14,22,14
14,conv1,4,1,1,1,3,6,2,12,40,14
14,conv1,4,1,2,1,3,4,2,8,32,14
14,conv1,4,1,3,1,3,3,2,6,22,14
14,conv1,4,2,0,1,3,7,-1,-7,1,14
14,conv1,4,2,1,1,3,6,-1,-6,18,14
14,conv1,4,2,2,1,3,4,-1,-4,6,14
14,conv1,4,2,3,1,3,3,-1,-3,1,14
14,conv1,4,3,0,1,3,7,-2,-14,-16,14
14,conv1,4,3,1,1,3,6,-2,-12,-5,14
14,conv1,4,3,2,1,3,4,-2,-8,35,14
14,conv1,4,3,3,1,3,3,-2,-6,32,14
15,conv1,4,0,0,2,3,1,0,0,-44,15
15,conv1,4,0,1,2,3,4,0,0,-61,15
15,conv1,4,0,2,2,3,6,0,0,-35,15
15,conv1,4,0,3,2,3,2,0,0,-24,15
15,conv1,4,1,0,2,3,1,-3,-3,20,15
15,conv1,4,1,1,2,3,4,-3,-12,17,15
15,conv1,4,1,2,2,3,6,-3,-18,15,15
15,conv1,4,1,3,2,3,2,-3,-6,10,15
15,conv1,4,2,0,2,3,1,2,2,-2,15
15,conv1,4,2,1,2,3,4,2,8,21,15
15,conv1,4,2,2,2,3,6,2,12,13,15
15,conv1,4,2,3,2,3,2,2,4,-5,15
15,conv1,4,3,0,2,3,1,4,4,-7,15
15,conv1,4,3,1,2,3,4,4,16,1,15
15,conv1,4,3,2,2,3,6,4,24,64,15
15,conv1,4,3,3,2,3,2,4,8,40,15
16,conv1,5,0,0,0,3,0,2,0,0,16
16,conv1,5,0,1,0,3,0,2,0,0,16
16,conv1,5,0,2,0,3,0,2,0,0,16
16,conv1,5,0,3,0,3,0,2,0,0,16
16,conv1,5,1,0,0,3,0,3,0,0,16
16,conv1,5,1,1,0,3,0,3,0,0,16
16,conv1,5,1,2,0,3,0,3,0,0,16
16,conv1,5,1,3,0,3,0,3,0,0,16
16,conv1,5,2,0,0,3,0,-1,0,0,16
16,conv1,5,2,1,0,3,0,-1,0,0,16
16,conv1,5,2,2,0,3,0,-1,0,0,16
16,conv1,5,2,3,0,3,0,-1,0,0,16
16,conv1,5,3,0,0,3,0,1,0,0,16
16,conv1,5,3,1,0,3,0,1,0,0,16
16,conv1,5,3,2,0,3,0,1,0,0,16
16,conv1,5,3,3,0,3,0,1,0,0,16
17,conv1,5,0,0,1,3,7,-4,-28,-34,17
17,conv1,5,0,1,1,3,4,-4,-16,-49,17
17,conv1,5,0,2,1,3,7,-4,-28,-31,17
17,conv1,5,0,3,1,3,7,-4,-28,-58,17
17,conv1,5,1,0,1,3,7,2,14,26,17
17,conv1,5,1,1,1,3,4,2,8,36,17
17,conv1,5,1,2,1,3,7,2,14,30,17
17,conv1,5,1,3,1,3,7,2,14,42,17
17,conv1,5,2,0,1,3,7,-1,-7,-3,17
17,conv1,5,2,1,1,3,4,-1,-4,18,17
17,conv1,5,2,2,1,3,7,-1,-7,-5,17
17,conv1,5,2,3,1,3,7,-1,-7,13,17
17,conv1,5,3,0,1,3,7,-2,-14,11,17
17,conv1,5,3,1,1,3,4,-2,-8,6,17
17,conv1,5,3,2,1,3,7,-2,-14,31,17
17,conv1,5,3,3,1,3,7,-2,-14,7,17
18,conv1,5,0,0,2,3,1,0,0,-36,18
18,conv1,5,0,1,2,3,2,0,0,-50,18
18,conv1,5,0,2,2,3,3,0,0,-33,18
18,conv1,5,0,3,2,3,4,0,0,-61,18
18,conv1,5,1,0,2,3,1,-3,-3,7,18
18,conv1,5,1,1,2,3,2,-3,-6,25,18
18,conv1,5,1,2,2,3,3,-3,-9,20,18
18,conv1,5,1,3,2,3,4,-3,-12,27,18
18,conv1,5,2,0,2,3,1,2,2,-9,18
18,conv1,5,2,1,2,3,2,2,4,19,18
18,conv1,5,2,2,2,3,3,2,6,-2,18
18,conv1,5,2,3,2,3,4,2,8,16,18
18,conv1,5,3,0,2,3,1,4,4,1,18
18,conv1,5,3,1,2,3,2,4,8,10,18
18,conv1,5,3,2,2,3,3,4,12,44,18
18,conv1,5,3,3,2,3,4,4,16,23,18
19,conv1,6,0,0,0,3,0,2,0,0,19
19,conv1,6,0,1,0,3,0,2,0,0,19
19,conv1,6,0,2,0,3,0,2,0,0,19
19,conv1,6,0,3,0,3,0,2,0,0,19
19,conv1,6,1,0,0,3,0,3,0,0,19
19,conv1,6,1,1,0,3,0,3,0,0,19
19,conv1,6,1,2,0,3,0,3,0,0,19
19,conv1,6,1,3,0,3,0,3,0,0,19
19,conv1,6,2,0,0,3,0,-1,0,0,19
19,conv1,6,2,1,0,3,0,-1,0,0,19
19,conv1,6,2,2,0,3,0,-1,0,0,19
19,conv1,6,2,3,0,3,0,-1,0,0,19
19,conv1,6,3,0,0,3,0,1,0,0,19
19,conv1,6,3,1,0,3,0,1,0,0,19
19,conv1,6,3,2,0,3,0,1,0,0,19
19,conv1,6,3,3,0,3,0,1,0,0,19
20,conv1,6,0,0,1,3,0,-4,0,-21,20
20,conv1,6,0,1,1,3,1,-4,-4,17,20
20,conv1,6,0,2,1,3,5,-4,-20,-26,20
20,conv1,6,0,3,1,3,0,-4,0,-27,20
20,conv1,6,1,0,1,3,0,2,0,28,20
20,conv1,6,1,1,1,3,1,2,2,2,20
20,conv1,6,1,2,1,3,5,2,10,14,20
20,conv1,6,1,3,1,3,0,2,0,20,20
20,conv1,6,2,0,1,3,0,-1,0,14,20
20,conv1,6,2,1,1,3,1,-1,-1,-15,20
20,conv1,6,2,2,1,3,5,-1,-5,-1,20
20,conv1,6,2,3,1,3,0,-1,0,18,20
20,conv1,6,3,0,1,3,0,-2,0,42,20
20,conv1,6,3,1,1,3,1,-2,-2,47,20
20,conv1,6,3,2,1,3,5,-2,-10,-11,20
20,conv1,6,3,3,1,3,0,-2,0,2,20
21,conv1,6,0,0,2,3,1,0,0,-25,21
21,conv1,6,0,1,2,3,0,0,0,16,21
21,conv1,6,0,2,2,3,6,0,0,-26,21
21,conv1,6,0,3,2,3,0,0,0,-33,21
21,conv1,6,1,0,2,3,1,-3,-3,20,21
21,conv1,6,1,1,2,3,0,-3,0,-9,21
21,conv1,6,1,2,2,3,6,-3,-18,-7,21
21,conv1,6,1,3,2,3,0,-3,0,26,21
21,conv1,6,2,0,2,3,1,2,2,9,21
21,conv1,6,2,1,2,3,0,2,0,-20,21
21,conv1,6,2,2,2,3,6,2,12,10,21
21,conv1,6,2,3,2,3,0,2,0,12,21
21,conv1,6,3,0,2,3,1,4,4,45,21
21,conv1,6,3,1,2,3,0,4,0,37,21
21,conv1,6,3,2,2,3,6,4,24,10,21
21,conv1,6,3,3,2,3,0,4,0,14,21
22,conv1,7,0,0,0,3,0,2,0,-15,22
22,conv1,7,0,1,0,3,0,2,0,5,22
22,conv1,7,0,2,0,3,6,2,12,12,22
22,conv1,7,0,3,0,3,4,2,8,-10,22
22,conv1,7,1,0,0,3,0,3,0,15,22
22,conv1,7,1,1,0,3,0,3,0,-15,22
22,conv1,7,1,2,0,3,6,3,18,18,22
22,conv1,7,1,3,0,3,4,3,12,30,22
22,conv1,7,2,0,0,3,0,-1,0,0,22
22,conv1,7,2,1,0,3,0,-1,0,15,22
22,conv1,7,2,2,0,3,6,-1,-6,-6,22
22,conv1,7,2,3,0,3,4,-1,-4,-4,22
22,conv1,7,3,0,0,3,0,1,0,5,22
22,conv1,7,3,1,0,3,0,1,0,5,22
22,conv1,7,3,2,0,3,6,1,6,6,22
22,conv1,7,3,3,0,3,4,1,4,10,22
23,conv1,7,0,0,1,3,2,-4,-8,-29,23
23,conv1,7,0,1,1,3,2,-4,-8,-12,23
23,conv1,7,0,2,1,3,4,-4,-16,-10,23
23,conv1,7,0,3,1,3,0,-4,0,-28,23
23,conv1,7,1,0,1,3,2,2,4,23,23
23,conv1,7,1,1,1,3,2,2,4,-3,23
23,conv1,7,1,2,1,3,4,2,8,34,23
23,conv1,7,1,3,1,3,0,2,0,46,23
23,conv1,7,2,0,1,3,2,-1,-2,2,23
23,conv1,7,2,1,1,3,2,-1,-2,19,23
23,conv1,7,2,2,1,3,4,-1,-4,-6,23
23,conv1,7,2,3,1,3,0,-1,0,8,23
23,conv1,7,3,0,1,3,2,-2,-4,0,23
23,conv1,7,3,1,1,3,2,-2,-4,6,23
23,conv1,7,3,2,1,3,4,-2,-8,10,23
23,conv1,7,3,3,1,3,0,-2,0,20,23
24,conv1,7,0,0,2,3,4,0,0,-32,24
24,conv1,7,0,1,2,3,6,0,0,-16,24
24,conv1,7,0,2,2,3,5,0,0,-16,24
24,conv1,7,0,3,2,3,6,0,0,-33,24
24,conv1,7,1,0,2,3,4,-3,-12,14,24
24,conv1,7,1,1,2,3,6,-3,-18,-26,24
24,conv1,7,1,2,2,3,5,-3,-15,13,24
24,conv1,7,1,3,2,3,6,-3,-18,15,24
24,conv1,7,2,0,2,3,4,2,8,7,24
24,conv1,7,2,1,2,3,6,2,12,24,24
24,conv1,7,2,2,2,3,5,2,10,-6,24
24,conv1,7,2,3,2,3,6,2,12,9,24
24,conv1,7,3,0,2,3,4,4,16,22,24
24,conv1,7,3,1,2,3,6,4,24,29,24
24,conv1,7,3,2,2,3,5,4,20,30,24
24,conv1,7,3,3,2,3,6,4,24,36,24
25,conv1,8,0,0,0,3,2,2,4,-2,25
25,conv1,8,0,1,0,3,5,2,10,8,25
25,conv1,8,0,2,0,3,2,2,4,-9,25
25,conv1,8,0,3,0,3,3,2,6,5,25
25,conv1,8,1,0,0,3,2,3,6,0,25
25,conv1,8,1,1,0,3,5,3,15,9,25
25,conv1,8,1,2,0,3,2,3,6,15,25
25,conv1,8,1,3,0,3,3,3,9,0,25
25,conv1,8,2,0,0,3,2,-1,-2,16,25
25,conv1,8,2,1,0,3,5,-1,-5,7,25
25,conv1,8,2,2,0,3,2,-1,-2,4,25
25,conv1,8,2,3,0,3,3,-1,-3,12,25
25,conv1,8,3,0,0,3,2,1,2,12,25
25,conv1,8,3,1,0,3,5,1,5,11,25
25,conv1,8,3,2,0,3,2,1,2,9,25
25,conv1,8,3,3,0,3,3,1,3,10,25
26,conv1,8,0,0,1,3,3,-4,-12,-2,26
26,conv1,8,0,1,1,3,4,-4,-16,-26,26
26,conv1,8,0,2,1,3,1,-4,-4,-28,26
26,conv1,8,0,3,1,3,2,-4,-8,3,26
26,conv1,8,1,0,1,3,3,2,6,6,26
26,conv1,8,1,1,1,3,4,2,8,29,26
26,conv1,8,1,2,1,3,1,2,2,33,26
26,conv1,8,1,3,1,3,2,2,4,8,26
26,conv1,8,2,0,1,3,3,-1,-3,5,26
26,conv1,8,2,1,1,3,4,-1,-4,15,26
26,conv1,8,2,2,1,3,1,-1,-1,13,26
26,conv1,8,2,3,1,3,2,-1,-2,6,26
26,conv1,8,3,0,1,3,3,-2,-6,34,26
26,conv1,8,3,1,1,3,4,-2,-8,0,26
26,conv1,8,3,2,1,3,1,-2,-2,24,26
26,conv1,8,3,3,1,3,2,-2,-4,33,26
27,conv1,8,0,0,2,3,2,0,0,-8,27
27,conv1,8,0,1,2,3,1,0,0,-28,27
27,conv1,8,0,2,2,3,0,0,0,-29,27
27,conv1,8,0,3,2,3,3,0,0,3,27
27,conv1,8,1,0,2,3,2,-3,-6,-9,27
27,conv1,8,1,1,2,3,1,-3,-3,10,27
27,conv1,8,1,2,2,3,0,-3,0,28,27
27,conv1,8,1,3,2,3,3,-3,-9,-4,27
27,conv1,8,2,0,2,3,2,2,4,-2,27
27,conv1,8,2,1,2,3,1,2,2,9,27
27,conv1,8,2,2,2,3,0,2,0,10,27
27,conv1,8,2,3,2,3,3,2,6,11,27
27,conv1,8,3,0,2,3,2,4,8,39,27
27,conv1,8,3,1,2,3,1,4,4,-10,27
27,conv1,8,3,2,2,3,0,4,0,20,27
27,conv1,8,3,3,2,3,3,4,12,42,27
28,conv1,9,0,0,0,3,3,2,6,-1,28
28,conv1,9,0,1,0,3,7,2,14,8,28
28,conv1,9,0,2,0,3,6,2,12,-6,28
28,conv1,9,0,3,0,3,2,2,4,-7,28
28,conv1,9,1,0,0,3,3,3,9,12,28
28,conv1,9,1,1,0,3,7,3,21,21,28
28,conv1,9,1,2,0,3,6,3,18,30,28
28,conv1,9,1,3,0,3,2,3,6,3,28
28,conv1,9,2,0,0,3,3,-1,-3,3,28
28,conv1,9,2,1,0,3,7,-1,-7,2,28
28,conv1,9,2,2,0,3,6,-1,-6,3,28
28,conv1,9,2,3,0,3,2,-1,-2,19,28
28,conv1,9,3,0,0,3,3,1,3,8,28
28,conv1,9,3,1,0,3,7,1,7,13,28
28,conv1,9,3,2,0,3,6,1,6,16,28
28,conv1,9,3,3,0,3,2,1,2,15,28
29,conv1,9,0,0,1,3,4,-4,-16,-26,29
29,conv1,9,0,1,1,3,2,-4,-8,-18,29
29,conv1,9,0,2,1,3,3,-4,-12,-18,29
29,conv1,9,0,3,1,3,3,-4,-12,-31,29
29,conv1,9,1,0,1,3,4,2,8,28,29
29,conv1,9,1,1,1,3,2,2,4,41,29
29,conv1,9,1,2,1,3,3,2,6,44,29
29,conv1,9,1,3,1,3,3,2,6,21,29
29,conv1,9,2,0,1,3,4,-1,-4,5,29
29,conv1,9,2,1,1,3,2,-1,-2,12,29
29,conv1,9,2,2,1,3,3,-1,-3,0,29
29,conv1,9,2,3,1,3,3,-1,-3,24,29
29,conv1,9,3,0,1,3,4,-2,-8,5,29
29,conv1,9,3,1,1,3,2,-2,-4,19,29
29,conv1,9,3,2,1,3,3,-2,-6,36,29
29,conv1,9,3,3,1,3,3,-2,-6,20,29
30,conv1,9,0,0,2,3,4,0,0,-29,30
30,conv1,9,0,1,2,3,4,0,0,-22,30
30,conv1,9,0,2,2,3,6,0,0,-22,30
30,conv1,9,0,3,2,3,6,0,0,-37,30
30,conv1,9,1,0,2,3,4,-3,-12,19,30
30,conv1,9,1,1,2,3,4,-3,-12,24,30
30,conv1,9,1,2,2,3,6,-3,-18,18,30
30,conv1,9,1,3,2,3,6,-3,-18,-3,30
30,conv1,9,2,0,2,3,4,2,8,10,30
30,conv1,9,2,1,2,3,4,2,8,13,30
30,conv1,9,2,2,2,3,6,2,12,4,30
30,conv1,9,2,3,2,3,6,2,12,26,30
30,conv1,9,3,0,2,3,4,4,16,27,30
30,conv1,9,3,1,2,3,4,4,16,34,30
30,conv1,9,3,2,2,3,6,4,24,56,30
30,conv1,9,3,3,2,3,6,4,24,44,30
31,conv1,10,0,0,0,3,2,2,4,4,31
31,conv1,10,0,1,0,3,3,2,6,2,31
31,conv1,10,0,2,0,3,0,2,0,-7,31
31,conv1,10,0,3,0,3,2,2,4,7,31
31,conv1,10,1,0,0,3,2,3,6,-6,31
31,conv1,10,1,1,0,3,3,3,9,9,31
31,conv1,10,1,2,0,3,0,3,0,3,31
31,conv1,10,1,3,0,3,2,3,6,-3,31
31,conv1,10,2,0,0,3,2,-1,-2,16,31
31,conv1,10,2,1,0,3,3,-1,-3,3,31
31,conv1,10,2,2,0,3,0,-1,0,6,31
31,conv1,10,2,3,0,3,2,-1,-2,7,31
31,conv1,10,3,0,0,3,2,1,2,10,31
31,conv1,10,3,1,0,3,3,1,3,7,31
31,conv1,10,3,2,0,3,0,1,0,5,31
31,conv1,10,3,3,0,3,2,1,2,5,31
32,conv1,10,0,0,1,3,1,-4,-4,-9,32
32,conv1,10,0,1,1,3,4,-4,-16,-11,32
32,conv1,10,0,2,1,3,1,-4,-4,-32,32
32,conv1,10,0,3,1,3,4,-4,-16,-3,32
32,conv1,10,1,0,1,3,1,2,2,8,32
32,conv1,10,1,1,1,3,4,2,8,21,32
32,conv1,10,1,2,1,3,1,2,2,21,32
32,conv1,10,1,3,1,3,4,2,8,9,32
32,conv1,10,2,0,1,3,1,-1,-1,21,32
32,conv1,10,2,1,1,3,4,-1,-4,-3,32
32,conv1,10,2,2,1,3,1,-1,-1,19,32
32,conv1,10,2,3,1,3,4,-1,-4,-1,32
32,conv1,10,3,0,1,3,1,-2,-2,26,32
32,conv1,10,3,1,1,3,4,-2,-8,19,32
32,conv1,10,3,2,1,3,1,-2,-2,6,32
32,conv1,10,3,3,1,3,4,-2,-8,24,32
33,conv1,10,0,0,2,3,3,0,0,-15,33
33,conv1,10,0,1,2,3,1,0,0,-14,33
33,conv1,10,0,2,2,3,4,0,0,-33,33
33,conv1,10,0,3,2,3,6,0,0,-7,33
33,conv1,10,1,0,2,3,3,-3,-9,-13,33
33,conv1,10,1,1,2,3,1,-3,-3,3,33
33,conv1,10,1,2,2,3,4,-3,-12,1,33
33,conv1,10,1,3,2,3,6,-3,-18,-8,33
33,conv1,10,2,0,2,3,3,2,6,15,33
33,conv1,10,2,1,2,3,1,2,2,-10,33
33,conv1,10,2,2,2,3,4,2,8,23,33
33,conv1,10,2,3,2,3,6,2,12,6,33
33,conv1,10,3,0,2,3,3,4,12,32,33
33,conv1,10,3,1,2,3,1,4,4,11,33
33,conv1,10,3,2,2,3,4,4,16,15,33
33,conv1,10,3,3,2,3,6,4,24,53,33
34,conv1,11,0,0,0,3,7,2,14,8,34
34,conv1,11,0,1,0,3,6,2,12,-7,34
34,conv1,11,0,2,0,3,4,2,8,-3,34
34,conv1,11,0,3,0,3,3,2,6,0,34
34,conv1,11,1,0,0,3,7,3,21,27,34
34,conv1,11,1,1,0,3,6,3,18,33,34
34,conv1,11,1,2,0,3,4,3,12,9,34
34,conv1,11,1,3,0,3,3,3,9,3,34
34,conv1,11,2,0,0,3,7,-1,-7,-7,34
34,conv1,11,2,1,0,3,6,-1,-6,0,34
34,conv1,11,2,2,0,3,4,-1,-4,17,34
34,conv1,11,2,3,0,3,3,-1,-3,15,34
34,conv1,11,3,0,0,3,7,1,7,9,34
34,conv1,11,3,1,0,3,6,1,6,15,34
34,conv1,11,3,2,0,3,4,1,4,17,34
34,conv1,11,3,3,0,3,3,1,3,13,34
35,conv1,11,0,0,1,3,1,-4,-4,-17,35
35,conv1,11,0,1,1,3,4,-4,-16,-17,35
35,conv1,11,0,2,1,3,6,-4,-24,-48,35
35,conv1,11,0,3,1,3,2,-4,-8,-32,35
35,conv1,11,1,0,1,3,1,2,2,45,35
35,conv1,11,1,1,1,3,4,2,8,45,35
35,conv1,11,1,2,1,3,6,2,12,37,35
35,conv1,11,1,3,1,3,2,2,4,31,35
35,conv1,11,2,0,1,3,1,-1,-1,6,35
35,conv1,11,2,1,1,3,4,-1,-4,-8,35
35,conv1,11,2,2,1,3,6,-1,-6,25,35
35,conv1,11,2,3,1,3,2,-1,-2,29,35
35,conv1,11,3,0,1,3,1,-2,-2,10,35
35,conv1,11,3,1,1,3,4,-2,-8,34,35
35,conv1,11,3,2,1,3,6,-2,-12,8,35
35,conv1,11,3,3,1,3,2,-2,-4,31,35
36,conv1,11,0,0,2,3,6,0,0,-23,36
36,conv1,11,0,1,2,3,5,0,0,-23,36
36,conv1,11,0,2,2,3,5,0,0,-53,36
36,conv1,11,0,3,2,3,6,0,0,-37,36
36,conv1,11,1,0,2,3,6,-3,-18,21,36
36,conv1,11,1,1,2,3,5,-3,-15,18,36
36,conv1,11,1,2,2,3,5,-3,-15,9,36
36,conv1,11,1,3,2,3,6,-3,-18,3,36
36,conv1,11,2,0,2,3,6,2,12,8,36
36,conv1,11,2,1,2,3,5,2,10,-10,36
36,conv1,11,2,2,2,3,5,2,10,24,36
36,conv1,11,2,3,2,3,6,2,12,31,36
36,conv1,11,3,0,2,3,6,4,24,34,36
36,conv1,11,3,1,2,3,5,4,20,48,36
36,conv1,11,3,2,2,3,5,4,20,20,36
36,conv1,11,3,3,2,3,6,4,24,50,36
37,conv1,12,0,0,0,3,7,2,14,9,37
37,conv1,12,0,1,0,3,4,2,8,-10,37
37,conv1,12,0,2,0,3,7,2,14,9,37
37,conv1,12,0,3,0,3,7,2,14,-3,37
37,conv1,12,1,0,0,3,7,3,21,18,37
37,conv1,12,1,1,0,3,4,3,12,24,37
37,conv1,12,1,2,0,3,7,3,21,12,37
37,conv1,12,1,3,0,3,7,3,21,30,37
37,conv1,12,2,0,0,3,7,-1,-7,5,37
37,conv1,12,2,1,0,3,4,-1,-4,5,37
37,conv1,12,2,2,0,3,7,-1,-7,14,37
37,conv1,12,2,3,0,3,7,-1,-7,5,37
37,conv1,12,3,0,0,3,7,1,7,14,37
37,conv1,12,3,1,0,3,4,1,4,14,37
37,conv1,12,3,2,0,3,7,1,7,18,37
37,conv1,12,3,3,0,3,7,1,7,18,37
38,conv1,12,0,0,1,3,1,-4,-4,11,38
38,conv1,12,0,1,1,3,2,-4,-8,-18,38
38,conv1,12,0,2,1,3,3,-4,-12,-12,38
38,conv1,12,0,3,1,3,4,-4,-16,-31,38
38,conv1,12,1,0,1,3,1,2,2,28,38
38,conv1,12,1,1,1,3,2,2,4,32,38
38,conv1,12,1,2,1,3,3,2,6,26,38
38,conv1,12,1,3,1,3,4,2,8,50,38
38,conv1,12,2,0,1,3,1,-1,-1,0,38
38,conv1,12,2,1,1,3,2,-1,-2,3,38
38,conv1,12,2,2,1,3,3,-1,-3,17,38
38,conv1,12,2,3,1,3,4,-1,-4,9,38
38,conv1,12,3,0,1,3,1,-2,-2,52,38
38,conv1,12,3,1,1,3,2,-2,-4,23,38
38,conv1,12,3,2,1,3,3,-2,-6,17,38
38,conv1,12,3,3,1,3,4,-2,-8,21,38
39,conv1,12,0,0,2,3,5,0,0,5,39
39,conv1,12,0,1,2,3,4,0,0,-23,39
39,conv1,12,0,2,2,3,3,0,0,-16,39
39,conv1,12,0,3,2,3,3,0,0,-34,39
39,conv1,12,1,0,2,3,5,-3,-15,4,39
39,conv1,12,1,1,2,3,4,-3,-12,7,39
39,conv1,12,1,2,2,3,3,-3,-9,6,39
39,conv1,12,1,3,2,3,3,-3,-9,32,39
39,conv1,12,2,0,2,3,5,2,10,-1,39
39,conv1,12,2,1,2,3,4,2,8,0,39
39,conv1,12,2,2,2,3,3,2,6,14,39
39,conv1,12,2,3,2,3,3,2,6,8,39
39,conv1,12,3,0,2,3,5,4,20,69,39
39,conv1,12,3,1,2,3,4,4,16,31,39
39,conv1,12,3,2,2,3,3,4,12,22,39
39,conv1,12,3,3,2,3,3,4,12,27,39
40,conv1,13,0,0,0,3,0,2,0,-14,40
40,conv1,13,0,1,0,3,1,2,2,9,40
40,conv1,13,0,2,0,3,5,2,10,7,40
40,conv1,13,0,3,0,3,0,2,0,-14,40
40,conv1,13,1,0,0,3,0,3,0,0,40
40,conv1,13,1,1,0,3,1,3,3,-18,40
40,conv1,13,1,2,0,3,5,3,15,18,40
40,conv1,13,1,3,0,3,0,3,0,12,40
40,conv1,13,2,0,0,3,0,-1,0,21,40
40,conv1,13,2,1,0,3,1,-1,-1,20,40
40,conv1,13,2,2,0,3,5,-1,-5,-5,40
40,conv1,13,2,3,0,3,0,-1,0,3,40
40,conv1,13,3,0,0,3,0,1,0,14,40
40,conv1,13,3,1,0,3,1,1,1,8,40
40,conv1,13,3,2,0,3,5,1,5,6,40
40,conv1,13,3,3,0,3,0,1,0,6,40
41,conv1,13,0,0,1,3,1,-4,-4,-33,41
41,conv1,13,0,1,1,3,0,-4,0,15,41
41,conv1,13,0,2,1,3,6,-4,-24,-14,41
41,conv1,13,0,3,1,3,0,-4,0,-50,41
41,conv1,13,1,0,1,3,1,2,2,18,41
41,conv1,13,1,1,1,3,0,2,0,-14,41
41,conv1,13,1,2,1,3,6,2,12,30,41
41,conv1,13,1,3,1,3,0,2,0,36,41
41,conv1,13,2,0,1,3,1,-1,-1,30,41
41,conv1,13,2,1,1,3,0,-1,0,16,41
41,conv1,13,2,2,1,3,6,-1,-6,-13,41
41,conv1,13,2,3,1,3,0,-1,0,27,41
41,conv1,13,3,0,1,3,1,-2,-2,29,41
41,conv1,13,3,1,1,3,0,-2,0,35,41
41,conv1,13,3,2,1,3,6,-2,-12,1,41
41,conv1,13,3,3,1,3,0,-2,0,0,41
42,conv1,13,0,0,2,3,3,0,0,-36,42
42,conv1,13,0,1,2,3,6,0,0,12,42
42,conv1,13,0,2,2,3,5,0,0,-20,42
42,conv1,13,0,3,2,3,0,0,0,-55,42
42,conv1,13,1,0,2,3,3,-3,-9,3,42
42,conv1,13,1,1,2,3,6,-3,-18,-38,42
42,conv1,13,1,2,2,3,5,-3,-15,12,42
42,conv1,13,1,3,2,3,0,-3,0,23,42
42,conv1,13,2,0,2,3,3,2,6,30,42
42,conv1,13,2,1,2,3,6,2,12,22,42
42,conv1,13,2,2,2,3,5,2,10,-12,42
42,conv1,13,2,3,2,3,0,2,0,16,42
42,conv1,13,3,0,2,3,3,4,12,38,42
42,conv1,13,3,1,2,3,6,4,24,56,42
42,conv1,13,3,2,2,3,5,4,20,24,42
42,conv1,13,3,3,2,3,0,4,0,-8,42
43,conv1,14,0,0,0,3,2,2,4,1,43
43,conv1,14,0,1,0,3,2,2,4,-1,43
43,conv1,14,0,2,0,3,4,2,8,4,43
43,conv1,14,0,3,0,3,0,2,0,-10,43
43,conv1,14,1,0,0,3,2,3,6,9,43
43,conv1,14,1,1,0,3,2,3,6,9,43
43,conv1,14,1,2,0,3,4,3,12,12,43
43,conv1,14,1,3,0,3,0,3,0,6,43
43,conv1,14,2,0,0,3,2,-1,-2,-2,43
43,conv1,14,2,1,0,3,2,-1,-2,1,43
43,conv1,14,2,2,0,3,4,-1,-4,2,43
43,conv1,14,2,3,0,3,0,-1,0,6,43
43,conv1,14,3,0,0,3,2,1,2,3,43
43,conv1,14,3,1,0,3,2,1,2,5,43
43,conv1,14,3,2,0,3,4,1,4,8,43
43,conv1,14,3,3,0,3,0,1,0,6,43
44,conv1,14,0,0,1,3,4,-4,-16,-33,44
44,conv1,14,0,1,1,3,6,-4,-24,-40,44
44,conv1,14,0,2,1,3,5,-4,-20,-40,44
44,conv1,14,0,3,1,3,6,-4,-24,-46,44
44,conv1,14,1,0,1,3,4,2,8,29,44
44,conv1,14,1,1,1,3,6,2,12,37,44
44,conv1,14,1,2,1,3,5,2,10,46,44
44,conv1,14,1,3,1,3,6,2,12,38,44
44,conv1,14,2,0,1,3,4,-1,-4,6,44
44,conv1,14,2,1,1,3,6,-1,-6,5,44
44,conv1,14,2,2,1,3,5,-1,-5,13,44
44,conv1,14,2,3,1,3,6,-1,-6,8,44
44,conv1,14,3,0,1,3,4,-2,-8,-8,44
44,conv1,14,3,1,1,3,6,-2,-12,10,44
44,conv1,14,3,2,1,3,5,-2,-10,20,44
44,conv1,14,3,3,1,3,6,-2,-12,31,44
45,conv1,14,0,0,2,3,4,0,0,-39,45
45,conv1,14,0,1,2,3,4,0,0,-44,45
45,conv1,14,0,2,2,3,5,0,0,-44,45
45,conv1,14,0,3,2,3,5,0,0,-51,45
45,conv1,14,1,0,2,3,4,-3,-12,23,45
45,conv1,14,1,1,2,3,4,-3,-12,11,45
45,conv1,14,1,2,2,3,5,-3,-15,23,45
45,conv1,14,1,3,2,3,5,-3,-15,16,45
45,conv1,14,2,0,2,3,4,2,8,8,45
45,conv1,14,2,1,2,3,4,2,8,3,45
45,conv1,14,2,2,2,3,5,2,10,15,45
45,conv1,14,2,3,2,3,5,2,10,9,45
45,conv1,14,3,0,2,3,4,4,16,20,45
45,conv1,14,3,1,2,3,4,4,16,16,45
45,conv1,14,3,2,2,3,5,4,20,36,45
45,conv1,14,3,3,2,3,5,4,20,49,45
46,conv1,15,0,0,0,3,3,2,6,10,46
46,conv1,15,0,1,0,3,4,2,8,-1,46
46,conv1,15,0,2,0,3,1,2,2,-7,46
46,conv1,15,0,3,0,3,2,2,4,5,46
46,conv1,15,1,0,0,3,3,3,9,-3,46
46,conv1,15,1,1,0,3,4,3,12,21,46
46,conv1,15,1,2,0,3,1,3,3,6,46
46,conv1,15,1,3,0,3,2,3,6,-3,46
46,conv1,15,2,0,0,3,3,-1,-3,9,46
46,conv1,15,2,1,0,3,4,-1,-4,-4,46
46,conv1,15,2,2,0,3,1,-1,-1,8,46
46,conv1,15,2,3,0,3,2,-1,-2,10,46
46,conv1,15,3,0,0,3,3,1,3,7,46
46,conv1,15,3,1,0,3,4,1,4,7,46
46,conv1,15,3,2,0,3,1,1,1,8,46
46,conv1,15,3,3,0,3,2,1,2,7,46
47,conv1,15,0,0,1,3,2,-4,-8,-19,47
47,conv1,15,0,1,1,3,1,-4,-4,1,47
47,conv1,15,0,2,1,3,0,-4,0,-7,47
47,conv1,15,0,3,1,3,3,-4,-12,-4,47
47,conv1,15,1,0,1,3,2,2,4,25,47
47,conv1,15,1,1,1,3,1,2,2,31,47
47,conv1,15,1,2,1,3,0,2,0,10,47
47,conv1,15,1,3,1,3,3,2,6,3,47
47,conv1,15,2,0,1,3,2,-1,-2,21,47
47,conv1,15,2,1,1,3,1,-1,-1,-9,47
47,conv1,15,2,2,1,3,0,-1,0,8,47
47,conv1,15,2,3,1,3,3,-1,-3,5,47
47,conv1,15,3,0,1,3,2,-2,-4,32,47
47,conv1,15,3,1,1,3,1,-2,-2,45,47
47,conv1,15,3,2,1,3,0,-2,0,21,47
47,conv1,15,3,3,1,3,3,-2,-6,8,47
48,conv1,15,0,0,2,3,2,0,0,-24,48
48,conv1,15,0,1,2,3,7,0,0,-1,48
48,conv1,15,0,2,2,3,2,0,0,-14,48
48,conv1,15,0,3,2,3,5,0,0,-6,48
48,conv1,15,1,0,2,3,2,-3,-6,9,48
48,conv1,15,1,1,2,3,7,-3,-21,-3,48
48,conv1,15,1,2,2,3,2,-3,-6,5,48
48,conv1,15,1,3,2,3,5,-3,-15,-31,48
48,conv1,15,2,0,2,3,2,2,4,15,48
48,conv1,15,2,1,2,3,7,2,14,-2,48
48,conv1,15,2,2,2,3,2,2,4,3,48
48,conv1,15,2,3,2,3,5,2,10,6,48
48,conv1,15,3,0,2,3,2,4,8,35,48
48,conv1,15,3,1,2,3,7,4,28,62,48
48,conv1,15,3,2,2,3,2,4,8,37,48
48,conv1,15,3,3,2,3,5,4,20,11,48
49,conv1,16,0,0,0,3,4,2,8,3,49
49,conv1,16,0,1,0,3,2,2,4,-6,49
49,conv1,16,0,2,0,3,3,2,6,4,49
49,conv1,16,0,3,0,3,3,2,6,-1,49
49,conv1,16,1,0,0,3,4,3,12,15,49
49,conv1,16,1,1,0,3,2,3,6,12,49
49,conv1,16,1,2,0,3,3,3,9,3,49
49,conv1,16,1,3,0,3,3,3,9,12,49
49,conv1,16,2,0,0,3,4,-1,-4,-1,49
49,conv1,16,2,1,0,3,2,-1,-2,4,49
49,conv1,16,2,2,0,3,3,-1,-3,9,49
49,conv1,16,2,3,0,3,3,-1,-3,3,49
49,conv1,16,3,0,0,3,4,1,4,7,49
49,conv1,16,3,1,0,3,2,1,2,8,49
49,conv1,16,3,2,0,3,3,1,3,9,49
49,conv1,16,3,3,0,3,3,1,3,8,49
50,conv1,16,0,0,1,3,4,-4,-16,-31,50
50,conv1,16,0,1,1,3,4,-4,-16,-37,50
50,conv1,16,0,2,1,3,6,-4,-24,-32,50
50,conv1,16,0,3,1,3,6,-4,-24,-49,50
50,conv1,16,1,0,1,3,4,2,8,35,50
50,conv1,16,1,1,1,3,4,2,8,36,50
50,conv1,16,1,2,1,3,6,2,12,31,50
50,conv1,16,1,3,1,3,6,2,12,48,50
50,conv1,16,2,0,1,3,4,-1,-4,7,50
50,conv1,16,2,1,1,3,4,-1,-4,10,50
50,conv1,16,2,2,1,3,6,-1,-6,11,50
50,conv1,16,2,3,1,3,6,-1,-6,13,50
50,conv1,16,3,0,1,3,4,-2,-8,-4,50
50,conv1,16,3,1,1,3,4,-2,-8,17,50
50,conv1,16,3,2,1,3,6,-2,-12,21,50
50,conv1,16,3,3,1,3,6,-2,-12,18,50
51,conv1,16,0,0,2,3,3,0,0,-36,51
51,conv1,16,0,1,2,3,2,0,0,-40,51
51,conv1,16,0,2,2,3,7,0,0,-34,51
51,conv1,16,0,3,2,3,5,0,0,-56,51
51,conv1,16,1,0,2,3,3,-3,-9,25,51
51,conv1,16,1,1,2,3,2,-3,-6,18,51
51,conv1,16,1,2,2,3,7,-3,-21,3,51
51,conv1,16,1,3,2,3,5,-3,-15,34,51
51,conv1,16,2,0,2,3,3,2,6,6,51
51,conv1,16,2,1,2,3,2,2,4,6,51
51,conv1,16,2,2,2,3,7,2,14,20,51
51,conv1,16,2,3,2,3,5,2,10,14,51
51,conv1,16,3,0,2,3,3,4,12,12,51
51,conv1,16,3,1,2,3,2,4,8,16,51
51,conv1,16,3,2,2,3,7,4,28,44,51
51,conv1,16,3,3,2,3,5,4,20,46,51
52,conv1,17,0,0,0,3,1,2,2,-4,52
52,conv1,17,0,1,0,3,4,2,8,8,52
52,conv1,17,0,2,0,3,1,2,2,-9,52
52,conv1,17,0,3,0,3,4,2,8,9,52
52,conv1,17,1,0,0,3,1,3,3,3,52
52,conv1,17,1,1,0,3,4,3,12,6,52
52,conv1,17,1,2,0,3,1,3,3,12,52
52,conv1,17,1,3,0,3,4,3,12,3,52
52,conv1,17,2,0,0,3,1,-1,-1,8,52
52,conv1,17,2,1,0,3,4,-1,-4,5,52
52,conv1,17,2,2,0,3,1,-1,-1,2,52
52,conv1,17,2,3,0,3,4,-1,-4,8,52
52,conv1,17,3,0,0,3,1,1,1,7,52
52,conv1,17,3,1,0,3,4,1,4,8,52
52,conv1,17,3,2,0,3,1,1,1,6,52
52,conv1,17,3,3,0,3,4,1,4,9,52
53,conv1,17,0,0,1,3,3,-4,-12,-34,53
53,conv1,17,0,1,1,3,1,-4,-4,4,53
53,conv1,17,0,2,1,3,4,-4,-16,-22,53
53,conv1,17,0,3,1,3,6,-4,-24,-36,53
53,conv1,17,1,0,1,3,3,2,6,33,53
53,conv1,17,1,1,1,3,1,2,2,20,53
53,conv1,17,1,2,1,3,4,2,8,24,53
53,conv1,17,1,3,1,3,6,2,12,31,53
53,conv1,17,2,0,1,3,3,-1,-3,17,53
53,conv1,17,2,1,1,3,1,-1,-1,4,53
53,conv1,17,2,2,1,3,4,-1,-4,-4,53
53,conv1,17,2,3,1,3,6,-1,-6,16,53
53,conv1,17,3,0,1,3,3,-2,-6,37,53
53,conv1,17,3,1,1,3,1,-2,-2,45,53
53,conv1,17,3,2,1,3,4,-2,-8,18,53
53,conv1,17,3,3,1,3,6,-2,-12,0,53
54,conv1,17,0,0,2,3,2,0,0,-39,54
54,conv1,17,0,1,2,3,5,0,0,2,54
54,conv1,17,0,2,2,3,5,0,0,-27,54
54,conv1,17,0,3,2,3,3,0,0,-41,54
54,conv1,17,1,0,2,3,2,-3,-6,11,54
54,conv1,17,1,1,2,3,5,-3,-15,-8,54
54,conv1,17,1,2,2,3,5,-3,-15,8,54
54,conv1,17,1,3,2,3,3,-3,-9,12,54
54,conv1,17,2,0,2,3,2,2,4,9,54
54,conv1,17,2,1,2,3,5,2,10,7,54
54,conv1,17,2,2,2,3,5,2,10,-1,54
54,conv1,17,2,3,2,3,3,2,6,12,54
54,conv1,17,3,0,2,3,2,4,8,34,54
54,conv1,17,3,1,2,3,5,4,20,54,54
54,conv1,17,3,2,2,3,5,4,20,42,54
54,conv1,17,3,3,2,3,3,4,12,7,54
55,conv1,18,0,0,0,3,1,2,2,-9,55
55,conv1,18,0,1,0,3,4,2,8,9,55
55,conv1,18,0,2,0,3,6,2,12,1,55
55,conv1,18,0,3,0,3,2,2,4,-10,55
55,conv1,18,1,0,0,3,1,3,3,12,55
55,conv1,18,1,1,0,3,4,3,12,3,55
55,conv1,18,1,2,0,3,6,3,18,27,55
55,conv1,18,1,3,0,3,2,3,6,12,55
55,conv1,18,2,0,0,3,1,-1,-1,2,55
55,conv1,18,2,1,0,3,4,-1,-4,8,55
55,conv1,18,2,2,0,3,6,-1,-6,-3,55
55,conv1,18,2,3,0,3,2,-1,-2,10,55
55,conv1,18,3,0,0,3,1,1,1,6,55
55,conv1,18,3,1,0,3,4,1,4,9,55
55,conv1,18,3,2,0,3,6,1,6,11,55
55,conv1,18,3,3,0,3,2,1,2,12,55
56,conv1,18,0,0,1,3,6,-4,-24,-57,56
56,conv1,18,0,1,1,3,5,-4,-20,-29,56
56,conv1,18,0,2,1,3,5,-4,-20,-31,56
56,conv1,18,0,3,1,3,6,-4,-24,-49,56
56,conv1,18,1,0,1,3,6,2,12,48,56
56,conv1,18,1,1,1,3,5,2,10,37,56
56,conv1,18,1,2,1,3,5,2,10,57,56
56,conv1,18,1,3,1,3,6,2,12,44,56
56,conv1,18,2,0,1,3,6,-1,-6,12,56
56,conv1,18,2,1,1,3,5,-1,-5,15,56
56,conv1,18,2,2,1,3,5,-1,-5,0,56
56,conv1,18,2,3,1,3,6,-1,-6,14,56
56,conv1,18,3,0,1,3,6,-2,-12,16,56
56,conv1,18,3,1,1,3,5,-2,-10,35,56
56,conv1,18,3,2,1,3,5,-2,-10,38,56
56,conv1,18,3,3,1,3,6,-2,-12,30,56
57,conv1,18,0,0,2,3,7,0,0,-60,57
57,conv1,18,0,1,2,3,7,0,0,-36,57
57,conv1,18,0,2,2,3,2,0,0,-38,57
57,conv1,18,0,3,2,3,5,0,0,-51,57
57,conv1,18,1,0,2,3,7,-3,-21,15,57
57,conv1,18,1,1,2,3,7,-3,-21,14,57
57,conv1,18,1,2,2,3,2,-3,-6,37,57
57,conv1,18,1,3,2,3,5,-3,-15,10,57
57,conv1,18,2,0,2,3,7,2,14,18,57
57,conv1,18,2,1,2,3,7,2,14,19,57
57,conv1,18,2,2,2,3,2,2,4,-10,57
57,conv1,18,2,3,2,3,5,2,10,15,57
57,conv1,18,3,0,2,3,7,4,28,35,57
57,conv1,18,3,1,2,3,7,4,28,68,57
57,conv1,18,3,2,2,3,2,4,8,39,57
57,conv1,18,3,3,2,3,5,4,20,33,57
58,conv1,19,0,0,0,3,1,2,2,2,58
58,conv1,19,0,1,0,3,2,2,4,3,58
58,conv1,19,0,2,0,3,3,2,6,1,58
58,conv1,19,0,3,0,3,4,2,8,1,58
58,conv1,19,1,0,0,3,1,3,3,-9,58
58,conv1,19,1,1,0,3,2,3,6,3,58
58,conv1,19,1,2,0,3,3,3,9,12,58
58,conv1,19,1,3,0,3,4,3,12,15,58
58,conv1,19,2,0,0,3,1,-1,-1,17,58
58,conv1,19,2,1,0,3,2,-1,-2,4,58
58,conv1,19,2,2,0,3,3,-1,-3,0,58
58,conv1,19,2,3,0,3,4,-1,-4,2,58
58,conv1,19,3,0,0,3,1,1,1,9,58
58,conv1,19,3,1,0,3,2,1,2,5,58
58,conv1,19,3,2,0,3,3,1,3,6,58
58,conv1,19,3,3,0,3,4,1,4,9,58
59,conv1,19,0,0,1,3,5,-4,-20,-39,59
59,conv1,19,0,1,1,3,4,-4,-16,-25,59
59,conv1,19,0,2,1,3,3,-4,-12,-20,59
59,conv1,19,0,3,1,3,3,-4,-12,-17,59
59,conv1,19,1,0,1,3,5,2,10,25,59
59,conv1,19,1,1,1,3,4,2,8,31,59
59,conv1,19,1,2,1,3,3,2,6,34,59
59,conv1,19,1,3,1,3,3,2,6,33,59
59,conv1,19,2,0,1,3,5,-1,-5,26,59
59,conv1,19,2,1,1,3,4,-1,-4,8,59
59,conv1,19,2,2,1,3,3,-1,-3,3,59
59,conv1,19,2,3,1,3,3,-1,-3,3,59
59,conv1,19,3,0,1,3,5,-2,-10,28,59
59,conv1,19,3,1,1,3,4,-2,-8,34,59
59,conv1,19,3,2,1,3,3,-2,-6,31,59
59,conv1,19,3,3,1,3,3,-2,-6,28,59
60,conv1,19,0,0,2,3,1,0,0,-44,60
60,conv1,19,0,1,2,3,2,0,0,-26,60
60,conv1,19,0,2,2,3,5,0,0,-22,60
60,conv1,19,0,3,2,3,7,0,0,-22,60
60,conv1,19,1,0,2,3,1,-3,-3,21,60
60,conv1,19,1,1,2,3,2,-3,-6,11,60
60,conv1,19,1,2,2,3,5,-3,-15,18,60
60,conv1,19,1,3,2,3,7,-3,-21,11,60
60,conv1,19,2,0,2,3,1,2,2,21,60
60,conv1,19,2,1,2,3,2,2,4,6,60
60,conv1,19,2,2,2,3,5,2,10,10,60
60,conv1,19,2,3,2,3,7,2,14,10,60
60,conv1,19,3,0,2,3,1,4,4,36,60
60,conv1,19,3,1,2,3,2,4,8,29,60
60,conv1,19,3,2,2,3,5,4,20,52,60
60,conv1,19,3,3,2,3,7,4,28,60,60
61,conv1,20,0,0,0,3,1,2,2,-7,61
61,conv1,20,0,1,0,3,0,2,0,1,61
61,conv1,20,0,2,0,3,6,2,12,13,61
61,conv1,20,0,3,0,3,0,2,0,-18,61
61,conv1,20,1,0,0,3,1,3,3,6,61
61,conv1,20,1,1,0,3,0,3,0,-9,61
61,conv1,20,1,2,0,3,6,3,18,15,61
61,conv1,20,1,3,0,3,0,3,0,18,61
61,conv1,20,2,0,0,3,1,-1,-1,8,61
61,conv1,20,2,1,0,3,0,-1,0,12,61
61,conv1,20,2,2,0,3,6,-1,-6,-3,61
61,conv1,20,2,3,0,3,0,-1,0,0,61
61,conv1,20,3,0,0,3,1,1,1,8,61
61,conv1,20,3,1,0,3,0,1,0,5,61
61,conv1,20,3,2,0,3,6,1,6,7,61
61,conv1,20,3,3,0,3,0,1,0,6,61
62,conv1,20,0,0,1,3,3,-4,-12,-28,62
62,conv1,20,0,1,1,3,6,-4,-24,-32,62
62,conv1,20,0,2,1,3,5,-4,-20,-34,62
62,conv1,20,0,3,1,3,0,-4,0,-30,62
62,conv1,20,1,0,1,3,3,2,6,24,62
62,conv1,20,1,1,1,3,6,2,12,15,62
62,conv1,20,1,2,1,3,5,2,10,49,62
62,conv1,20,1,3,1,3,0,2,0,38,62
62,conv1,20,2,0,1,3,3,-1,-3,11,62
62,conv1,20,2,1,1,3,6,-1,-6,12,62
62,conv1,20,2,2,1,3,5,-1,-5,10,62
62,conv1,20,2,3,1,3,0,-1,0,8,62
62,conv1,20,3,0,1,3,3,-2,-6,20,62
62,conv1,20,3,1,1,3,6,-2,-12,11,62
62,conv1,20,3,2,1,3,5,-2,-10,12,62
62,conv1,20,3,3,1,3,0,-2,0,43,62
63,conv1,20,0,0,2,3,3,0,0,-35,63
63,conv1,20,0,1,2,3,2,0,0,-35,63
63,conv1,20,0,2,2,3,2,0,0,-36,63
63,conv1,20,0,3,2,3,0,0,0,-32,63
63,conv1,20,1,0,2,3,3,-3,-9,7,63
63,conv1,20,1,1,2,3,2,-3,-6,-9,63
63,conv1,20,1,2,2,3,2,-3,-6,36,63
63,conv1,20,1,3,2,3,0,-3,0,34,63
63,conv1,20,2,0,2,3,3,2,6,5,63
63,conv1,20,2,1,2,3,2,2,4,6,63
63,conv1,20,2,2,2,3,2,2,4,9,63
63,conv1,20,2,3,2,3,0,2,0,4,63
63,conv1,20,3,0,2,3,3,4,12,31,63
63,conv1,20,3,1,2,3,2,4,8,4,63
63,conv1,20,3,2,2,3,2,4,8,15,63
63,conv1,20,3,3,2,3,0,4,0,41,63
64,conv1,21,0,0,0,3,4,2,8,-1,64
64,conv1,21,0,1,0,3,6,2,12,3,64
64,conv1,21,0,2,0,3,5,2,10,-4,64
64,conv1,21,0,3,0,3,6,2,12,3,64
64,conv1,21,1,0,0,3,4,3,12,21,64
64,conv1,21,1,1,0,3,6,3,18,21,64
64,conv1,21,1,2,0,3,5,3,15,21,64
64,conv1,21,1,3,0,3,6,3,18,15,64
64,conv1,21,2,0,0,3,4,-1,-4,-4,64
64,conv1,21,2,1,0,3,6,-1,-6,3,64
64,conv1,21,2,2,0,3,5,-1,-5,7,64
64,conv1,21,2,3,0,3,6,-1,-6,12,64
64,conv1,21,3,0,0,3,4,1,4,7,64
64,conv1,21,3,1,0,3,6,1,6,13,64
64,conv1,21,3,2,0,3,5,1,5,15,64
64,conv1,21,3,3,0,3,6,1,6,17,64
65,conv1,21,0,0,1,3,4,-4,-16,-53,65
65,conv1,21,0,1,1,3,4,-4,-16,-19,65
65,conv1,21,0,2,1,3,5,-4,-20,-36,65
65,conv1,21,0,3,1,3,5,-4,-20,-35,65
65,conv1,21,1,0,1,3,4,2,8,53,65
65,conv1,21,1,1,1,3,4,2,8,45,65
65,conv1,21,1,2,1,3,5,2,10,47,65
65,conv1,21,1,3,1,3,5,2,10,45,65
65,conv1,21,2,0,1,3,4,-1,-4,16,65
65,conv1,21,2,1,1,3,4,-1,-4,3,65
65,conv1,21,2,2,1,3,5,-1,-5,10,65
65,conv1,21,2,3,1,3,5,-1,-5,19,65
65,conv1,21,3,0,1,3,4,-2,-8,-7,65
65,conv1,21,3,1,1,3,4,-2,-8,43,65
65,conv1,21,3,2,1,3,5,-2,-10,29,65
65,conv1,21,3,3,1,3,5,-2,-10,30,65
66,conv1,21,0,0,2,3,4,0,0,-56,66
66,conv1,21,0,1,2,3,6,0,0,-23,66
66,conv1,21,0,2,2,3,5,0,0,-42,66
66,conv1,21,0,3,2,3,6,0,0,-40,66
66,conv1,21,1,0,2,3,4,-3,-12,44,66
66,conv1,21,1,1,2,3,6,-3,-18,22,66
66,conv1,21,1,2,2,3,5,-3,-15,26,66
66,conv1,21,1,3,2,3,6,-3,-18,14,66
66,conv1,21,2,0,2,3,4,2,8,21,66
66,conv1,21,2,1,2,3,6,2,12,8,66
66,conv1,21,2,2,2,3,5,2,10,10,66
66,conv1,21,2,3,2,3,6,2,12,20,66
66,conv1,21,3,0,2,3,4,4,16,15,66
66,conv1,21,3,1,2,3,6,4,24,66,66
66,conv1,21,3,2,2,3,5,4,20,49,66
66,conv1,21,3,3,2,3,6,4,24,46,66
67,conv1,22,0,0,0,3,2,2,4,-9,67
67,conv1,22,0,1,0,3,1,2,2,2,67
67,conv1,22,0,2,0,3,0,2,0,-1,67
67,conv1,22,0,3,0,3,3,2,6,7,67
67,conv1,22,1,0,0,3,2,3,6,9,67
67,conv1,22,1,1,0,3,1,3,3,-9,67
67,conv1,22,1,2,0,3,0,3,0,-3,67
67,conv1,22,1,3,0,3,3,3,9,6,67
67,conv1,22,2,0,0,3,2,-1,-2,13,67
67,conv1,22,2,1,0,3,1,-1,-1,17,67
67,conv1,22,2,2,0,3,0,-1,0,6,67
67,conv1,22,2,3,0,3,3,-1,-3,0,67
67,conv1,22,3,0,0,3,2,1,2,13,67
67,conv1,22,3,1,0,3,1,1,1,9,67
67,conv1,22,3,2,0,3,0,1,0,3,67
67,conv1,22,3,3,0,3,3,1,3,4,67
68,conv1,22,0,0,1,3,2,-4,-8,-32,68
68,conv1,22,0,1,1,3,7,-4,-28,-23,68
68,conv1,22,0,2,1,3,2,-4,-8,-45,68
68,conv1,22,0,3,1,3,5,-4,-20,-4,68
68,conv1,22,1,0,1,3,2,2,4,33,68
68,conv1,22,1,1,1,3,7,2,14,13,68
68,conv1,22,1,2,1,3,2,2,4,29,68
68,conv1,22,1,3,1,3,5,2,10,24,68
68,conv1,22,2,0,1,3,2,-1,-2,21,68
68,conv1,22,2,1,1,3,7,-1,-7,8,68
68,conv1,22,2,2,1,3,2,-1,-2,28,68
68,conv1,22,2,3,1,3,5,-1,-5,-11,68
68,conv1,22,3,0,1,3,2,-2,-4,39,68
68,conv1,22,3,1,1,3,7,-2,-14,28,68
68,conv1,22,3,2,1,3,2,-2,-4,6,68
68,conv1,22,3,3,1,3,5,-2,-10,41,68
69,conv1,22,0,0,2,3,5,0,0,-38,69
69,conv1,22,0,1,2,3,3,0,0,-28,69
69,conv1,22,0,2,2,3,7,0,0,-48,69
69,conv1,22,0,3,2,3,4,0,0,-11,69
69,conv1,22,1,0,2,3,5,-3,-15,9,69
69,conv1,22,1,1,2,3,3,-3,-9,-9,69
69,conv1,22,1,2,2,3,7,-3,-21,-4,69
69,conv1,22,1,3,2,3,4,-3,-12,10,69
69,conv1,22,2,0,2,3,5,2,10,20,69
69,conv1,22,2,1,2,3,3,2,6,3,69
69,conv1,22,2,2,2,3,7,2,14,34,69
69,conv1,22,2,3,2,3,4,2,8,-13,69
69,conv1,22,3,0,2,3,5,4,20,56,69
69,conv1,22,3,1,2,3,3,4,12,32,69
69,conv1,22,3,2,2,3,7,4,28,25,69
69,conv1,22,3,3,2,3,4,4,16,62,69
70,conv1,23,0,0,0,3,4,2,8,-1,70
70,conv1,23,0,1,0,3,4,2,8,-1,70
70,conv1,23,0,2,0,3,6,2,12,4,70
70,conv1,23,0,3,0,3,6,2,12,-2,70
70,conv1,23,1,0,0,3,4,3,12,21,70
70,conv1,23,1,1,0,3,4,3,12,15,70
70,conv1,23,1,2,0,3,6,3,18,18,70
70,conv1,23,1,3,0,3,6,3,18,24,70
70,conv1,23,2,0,0,3,4,-1,-4,-4,70
70,conv1,23,2,1,0,3,4,-1,-4,5,70
70,conv1,23,2,2,0,3,6,-1,-6,6,70
70,conv1,23,2,3,0,3,6,-1,-6,6,70
70,conv1,23,3,0,0,3,4,1,4,7,70
70,conv1,23,3,1,0,3,4,1,4,11,70
70,conv1,23,3,2,0,3,6,1,6,14,70
70,conv1,23,3,3,0,3,6,1,6,16,70
71,conv1,23,0,0,1,3,3,-4,-12,-37,71
71,conv1,23,0,1,1,3,2,-4,-8,-12,71
71,conv1,23,0,2,1,3,7,-4,-28,-27,71
71,conv1,23,0,3,1,3,5,-4,-20,-58,71
71,conv1,23,1,0,1,3,3,2,6,47,71
71,conv1,23,1,1,1,3,2,2,4,31,71
71,conv1,23,1,2,1,3,7,2,14,40,71
71,conv1,23,1,3,1,3,5,2,10,62,71
71,conv1,23,2,0,1,3,3,-1,-3,9,71
71,conv1,23,2,1,1,3,2,-1,-2,5,71
71,conv1,23,2,2,1,3,7,-1,-7,1,71
71,conv1,23,2,3,1,3,5,-1,-5,25,71
71,conv1,23,3,0,1,3,3,-2,-6,10,71
71,conv1,23,3,1,1,3,2,-2,-4,39,71
71,conv1,23,3,2,1,3,7,-2,-14,19,71
71,conv1,23,3,3,1,3,5,-2,-10,13,71
72,conv1,23,0,0,2,3,3,0,0,-41,72
72,conv1,23,0,1,2,3,5,0,0,-15,72
72,conv1,23,0,2,2,3,5,0,0,-32,72
72,conv1,23,0,3,2,3,4,0,0,-63,72
72,conv1,23,1,0,2,3,3,-3,-9,21,72
72,conv1,23,1,1,2,3,5,-3,-15,7,72
72,conv1,23,1,2,2,3,5,-3,-15,21,72
72,conv1,23,1,3,2,3,4,-3,-12,40,72
72,conv1,23,2,0,2,3,3,2,6,4,72
72,conv1,23,2,1,2,3,5,2,10,8,72
72,conv1,23,2,2,2,3,5,2,10,3,72
72,conv1,23,2,3,2,3,4,2,8,23,72
72,conv1,23,3,0,2,3,3,4,12,9,72
72,conv1,23,3,1,2,3,5,4,20,53,72
72,conv1,23,3,2,2,3,5,4,20,40,72
72,conv1,23,3,3,2,3,4,4,16,24,72
73,conv1,24,0,0,0,3,3,2,6,-6,73
73,conv1,24,0,1,0,3,1,2,2,-1,73
73,conv1,24,0,2,0,3,4,2,8,8,73
73,conv1,24,0,3,0,3,6,2,12,1,73
73,conv1,24,1,0,0,3,3,3,9,9,73
73,conv1,24,1,1,0,3,1,3,3,-6,73
73,conv1,24,1,2,0,3,4,3,12,6,73
73,conv1,24,1,3,0,3,6,3,18,27,73
73,conv1,24,2,0,0,3,3,-1,-3,15,73
73,conv1,24,2,1,0,3,1,-1,-1,17,73
73,conv1,24,2,2,0,3,4,-1,-4,5,73
73,conv1,24,2,3,0,3,6,-1,-6,-3,73
73,conv1,24,3,0,0,3,3,1,3,15,73
73,conv1,24,3,1,0,3,1,1,1,10,73
73,conv1,24,3,2,0,3,4,1,4,8,73
73,conv1,24,3,3,0,3,6,1,6,11,73
74,conv1,24,0,0,1,3,2,-4,-8,-23,74
74,conv1,24,0,1,1,3,5,-4,-20,-18,74
74,conv1,24,0,2,1,3,5,-4,-20,-36,74
74,conv1,24,0,3,1,3,3,-4,-12,-26,74
74,conv1,24,1,0,1,3,2,2,4,33,74
74,conv1,24,1,1,1,3,5,2,10,12,74
74,conv1,24,1,2,1,3,5,2,10,36,74
74,conv1,24,1,3,1,3,3,2,6,53,74
74,conv1,24,2,0,1,3,2,-1,-2,19,74
74,conv1,24,2,1,1,3,5,-1,-5,10,74
74,conv1,24,2,2,1,3,5,-1,-5,16,74
74,conv1,24,2,3,1,3,3,-1,-3,4,74
74,conv1,24,3,0,1,3,2,-2,-4,55,74
74,conv1,24,3,1,1,3,5,-2,-10,33,74
74,conv1,24,3,2,1,3,5,-2,-10,7,74
74,conv1,24,3,3,1,3,3,-2,-6,35,74
75,conv1,24,0,0,2,3,3,0,0,-27,75
75,conv1,24,0,1,2,3,6,0,0,-21,75
75,conv1,24,0,2,2,3,4,0,0,-42,75
75,conv1,24,0,3,2,3,4,0,0,-30,75
75,conv1,24,1,0,2,3,3,-3,-9,13,75
75,conv1,24,1,1,2,3,6,-3,-18,-15,75
75,conv1,24,1,2,2,3,4,-3,-12,21,75
75,conv1,24,1,3,2,3,4,-3,-12,27,75
75,conv1,24,2,0,2,3,3,2,6,16,75
75,conv1,24,2,1,2,3,6,2,12,15,75
75,conv1,24,2,2,2,3,4,2,8,15,75
75,conv1,24,2,3,2,3,4,2,8,2,75
75,conv1,24,3,0,2,3,3,4,12,60,75
75,conv1,24,3,1,2,3,6,4,24,51,75
75,conv1,24,3,2,2,3,4,4,16,26,75
75,conv1,24,3,3,2,3,4,4,16,41,75
76,conv1,25,0,0,0,3,6,2,12,-2,76
76,conv1,25,0,1,0,3,5,2,10,-2,76
76,conv1,25,0,2,0,3,5,2,10,1,76
76,conv1,25,0,3,0,3,6,2,12,2,76
76,conv1,25,1,0,0,3,6,3,18,24,76
76,conv1,25,1,1,0,3,5,3,15,15,76
76,conv1,25,1,2,0,3,5,3,15,12,76
76,conv1,25,1,3,0,3,6,3,18,18,76
76,conv1,25,2,0,0,3,6,-1,-6,6,76
76,conv1,25,2,1,0,3,5,-1,-5,13,76
76,conv1,25,2,2,0,3,5,-1,-5,13,76
76,conv1,25,2,3,0,3,6,-1,-6,9,76
76,conv1,25,3,0,0,3,6,1,6,16,76
76,conv1,25,3,1,0,3,5,1,5,17,76
76,conv1,25,3,2,0,3,5,1,5,16,76
76,conv1,25,3,3,0,3,6,1,6,16,76
77,conv1,25,0,0,1,3,7,-4,-28,-33,77
77,conv1,25,0,1,1,3,7,-4,-28,-63,77
77,conv1,25,0,2,1,3,2,-4,-8,-28,77
77,conv1,25,0,3,1,3,5,-4,-20,-9,77
77,conv1,25,1,0,1,3,7,2,14,50,77
77,conv1,25,1,1,1,3,7,2,14,57,77
77,conv1,25,1,2,1,3,2,2,4,44,77
77,conv1,25,1,3,1,3,5,2,10,36,77
77,conv1,25,2,0,1,3,7,-1,-7,1,77
77,conv1,25,2,1,1,3,7,-1,-7,28,77
77,conv1,25,2,2,1,3,2,-1,-2,25,77
77,conv1,25,2,3,1,3,5,-1,-5,-2,77
77,conv1,25,3,0,1,3,7,-2,-14,34,77
77,conv1,25,3,1,1,3,7,-2,-14,17,77
77,conv1,25,3,2,1,3,2,-2,-4,54,77
77,conv1,25,3,3,1,3,5,-2,-10,53,77
78,conv1,25,0,0,2,3,7,0,0,-37,78
78,conv1,25,0,1,2,3,7,0,0,-70,78
78,conv1,25,0,2,2,3,5,0,0,-35,78
78,conv1,25,0,3,2,3,3,0,0,-14,78
78,conv1,25,1,0,2,3,7,-3,-21,21,78
78,conv1,25,1,1,2,3,7,-3,-21,31,78
78,conv1,25,1,2,2,3,5,-3,-15,15,78
78,conv1,25,1,3,2,3,3,-3,-9,11,78
78,conv1,25,2,0,2,3,7,2,14,7,78
78,conv1,25,2,1,2,3,7,2,14,31,78
78,conv1,25,2,2,2,3,5,2,10,21,78
78,conv1,25,2,3,2,3,3,2,6,-8,78
78,conv1,25,3,0,2,3,7,4,28,58,78
78,conv1,25,3,1,2,3,7,4,28,47,78
78,conv1,25,3,2,2,3,5,4,20,67,78
78,conv1,25,3,3,2,3,3,4,12,54,78
79,conv1,26,0,0,0,3,5,2,10,-3,79
79,conv1,26,0,1,0,3,4,2,8,-1,79
79,conv1,26,0,2,0,3,3,2,6,-1,79
79,conv1,26,0,3,0,3,3,2,6,1,79
79,conv1,26,1,0,0,3,5,3,15,18,79
79,conv1,26,1,1,0,3,4,3,12,9,79
79,conv1,26,1,2,0,3,3,3,9,6,79
79,conv1,26,1,3,0,3,3,3,9,6,79
79,conv1,26,2,0,0,3,5,-1,-5,10,79
79,conv1,26,2,1,0,3,4,-1,-4,14,79
79,conv1,26,2,2,0,3,3,-1,-3,12,79
79,conv1,26,2,3,0,3,3,-1,-3,9,79
79,conv1,26,3,0,0,3,5,1,5,16,79
79,conv1,26,3,1,0,3,4,1,4,15,79
79,conv1,26,3,2,0,3,3,1,3,12,79
79,conv1,26,3,3,0,3,3,1,3,10,79
80,conv1,26,0,0,1,3,1,-4,-4,-31,80
80,conv1,26,0,1,1,3,2,-4,-8,0,80
80,conv1,26,0,2,1,3,5,-4,-20,-30,80
80,conv1,26,0,3,1,3,7,-4,-28,-51,80
80,conv1,26,1,0,1,3,1,2,2,40,80
80,conv1,26,1,1,1,3,2,2,4,17,80
80,conv1,26,1,2,1,3,5,2,10,24,80
80,conv1,26,1,3,1,3,7,2,14,40,80
80,conv1,26,2,0,1,3,1,-1,-1,25,80
80,conv1,26,2,1,1,3,2,-1,-2,6,80
80,conv1,26,2,2,1,3,5,-1,-5,13,80
80,conv1,26,2,3,1,3,7,-1,-7,18,80
80,conv1,26,3,0,1,3,1,-2,-2,23,80
80,conv1,26,3,1,1,3,2,-2,-4,45,80
80,conv1,26,3,2,1,3,5,-2,-10,7,80
80,conv1,26,3,3,1,3,7,-2,-14,5,80
81,conv1,26,0,0,2,3,1,0,0,-34,81
81,conv1,26,0,1,2,3,1,0,0,-1,81
81,conv1,26,0,2,2,3,2,0,0,-31,81
81,conv1,26,0,3,2,3,0,0,0,-53,81
81,conv1,26,1,0,2,3,1,-3,-3,25,81
81,conv1,26,1,1,2,3,1,-3,-3,6,81
81,conv1,26,1,2,2,3,2,-3,-6,16,81
81,conv1,26,1,3,2,3,0,-3,0,39,81
81,conv1,26,2,0,2,3,1,2,2,19,81
81,conv1,26,2,1,2,3,1,2,2,4,81
81,conv1,26,2,2,2,3,2,2,4,15,81
81,conv1,26,2,3,2,3,0,2,0,15,81
81,conv1,26,3,0,2,3,1,4,4,18,81
81,conv1,26,3,1,2,3,1,4,4,42,81
81,conv1,26,3,2,2,3,2,4,8,14,81
81,conv1,26,3,3,2,3,0,4,0,6,81
82,conv1,27,0,0,0,3,3,2,6,0,82
82,conv1,27,0,1,0,3,6,2,12,6,82
82,conv1,27,0,2,0,3,5,2,10,-5,82
82,conv1,27,0,3,0,3,0,2,0,-9,82
82,conv1,27,1,0,0,3,3,3,9,9,82
82,conv1,27,1,1,0,3,6,3,18,18,82
82,conv1,27,1,2,0,3,5,3,15,24,82
82,conv1,27,1,3,0,3,0,3,0,-3,82
82,conv1,27,2,0,0,3,3,-1,-3,6,82
82,conv1,27,2,1,0,3,6,-1,-6,3,82
82,conv1,27,2,2,0,3,5,-1,-5,4,82
82,conv1,27,2,3,0,3,0,-1,0,18,82
82,conv1,27,3,0,0,3,3,1,3,9,82
82,conv1,27,3,1,0,3,6,1,6,12,82
82,conv1,27,3,2,0,3,5,1,5,14,82
82,conv1,27,3,3,0,3,0,1,0,11,82
83,conv1,27,0,0,1,3,3,-4,-12,-39,83
83,conv1,27,0,1,1,3,2,-4,-8,1,83
83,conv1,27,0,2,1,3,2,-4,-8,-16,83
83,conv1,27,0,3,1,3,0,-4,0,-15,83
83,conv1,27,1,0,1,3,3,2,6,43,83
83,conv1,27,1,1,1,3,2,2,4,34,83
83,conv1,27,1,2,1,3,2,2,4,36,83
83,conv1,27,1,3,1,3,0,2,0,5,83
83,conv1,27,2,0,1,3,3,-1,-3,21,83
83,conv1,27,2,1,1,3,2,-1,-2,-1,83
83,conv1,27,2,2,1,3,2,-1,-2,4,83
83,conv1,27,2,3,1,3,0,-1,0,22,83
83,conv1,27,3,0,1,3,3,-2,-6,31,83
83,conv1,27,3,1,1,3,2,-2,-4,54,83
83,conv1,27,3,2,1,3,2,-2,-4,29,83
83,conv1,27,3,3,1,3,0,-2,0,23,83
84,conv1,27,0,0,2,3,6,0,0,-39,84
84,conv1,27,0,1,2,3,2,0,0,-5,84
84,conv1,27,0,2,2,3,1,0,0,-18,84
84,conv1,27,0,3,2,3,0,0,0,-16,84
84,conv1,27,1,0,2,3,6,-3,-18,19,84
84,conv1,27,1,1,2,3,2,-3,-6,34,84
84,conv1,27,1,2,2,3,1,-3,-3,17,84
84,conv1,27,1,3,2,3,0,-3,0,0,84
84,conv1,27,2,0,2,3,6,2,12,31,84
84,conv1,27,2,1,2,3,2,2,4,-3,84
84,conv1,27,2,2,2,3,1,2,2,-2,84
84,conv1,27,2,3,2,3,0,2,0,19,84
84,conv1,27,3,0,2,3,6,4,24,49,84
84,conv1,27,3,1,2,3,2,4,8,74,84
84,conv1,27,3,2,2,3,1,4,4,19,84
84,conv1,27,3,3,2,3,0,4,0,19,84
85,conv1,28,0,0,0,3,4,2,8,-10,85
85,conv1,28,0,1,0,3,4,2,8,2,85
85,conv1,28,0,2,0,3,5,2,10,2,85
85,conv1,28,0,3,0,3,5,2,10,-1,85
85,conv1,28,1,0,0,3,4,3,12,30,85
85,conv1,28,1,1,0,3,4,3,12,6,85
85,conv1,28,1,2,0,3,5,3,15,15,85
85,conv1,28,1,3,0,3,5,3,15,18,85
85,conv1,28,2,0,0,3,4,-1,-4,-4,85
85,conv1,28,2,1,0,3,4,-1,-4,14,85
85,conv1,28,2,2,0,3,5,-1,-5,7,85
85,conv1,28,2,3,0,3,5,-1,-5,7,85
85,conv1,28,3,0,0,3,4,1,4,10,85
85,conv1,28,3,1,0,3,4,1,4,14,85
85,conv1,28,3,2,0,3,5,1,5,13,85
85,conv1,28,3,3,0,3,5,1,5,14,85
86,conv1,28,0,0,1,3,4,-4,-16,-44,86
86,conv1,28,0,1,1,3,6,-4,-24,-37,86
86,conv1,28,0,2,1,3,5,-4,-20,-42,86
86,conv1,28,0,3,1,3,6,-4,-24,-37,86
86,conv1,28,1,0,1,3,4,2,8,50,86
86,conv1,28,1,1,1,3,6,2,12,34,86
86,conv1,28,1,2,1,3,5,2,10,49,86
86,conv1,28,1,3,1,3,6,2,12,50,86
86,conv1,28,2,0,1,3,4,-1,-4,4,86
86,conv1,28,2,1,1,3,6,-1,-6,18,86
86,conv1,28,2,2,1,3,5,-1,-5,18,86
86,conv1,28,2,3,1,3,6,-1,-6,9,86
86,conv1,28,3,0,1,3,4,-2,-8,-1,86
86,conv1,28,3,1,1,3,6,-2,-12,19,86
86,conv1,28,3,2,1,3,5,-2,-10,25,86
86,conv1,28,3,3,1,3,6,-2,-12,39,86
87,conv1,28,0,0,2,3,4,0,0,-47,87
87,conv1,28,0,1,2,3,0,0,0,-41,87
87,conv1,28,0,2,2,3,1,0,0,-42,87
87,conv1,28,0,3,2,3,7,0,0,-38,87
87,conv1,28,1,0,2,3,4,-3,-12,41,87
87,conv1,28,1,1,2,3,0,-3,0,29,87
87,conv1,28,1,2,2,3,1,-3,-3,34,87
87,conv1,28,1,3,2,3,7,-3,-21,30,87
87,conv1,28,2,0,2,3,4,2,8,9,87
87,conv1,28,2,1,2,3,0,2,0,11,87
87,conv1,28,2,2,2,3,1,2,2,16,87
87,conv1,28,2,3,2,3,7,2,14,22,87
87,conv1,28,3,0,2,3,4,4,16,21,87
87,conv1,28,3,1,2,3,0,4,0,18,87
87,conv1,28,3,2,2,3,1,4,4,17,87
87,conv1,28,3,3,2,3,7,4,28,69,87
88,conv1,29,0,0,0,3,2,2,4,-6,88
88,conv1,29,0,1,0,3,7,2,14,13,88
88,conv1,29,0,2,0,3,2,2,4,-15,88
88,conv1,29,0,3,0,3,5,2,10,11,88
88,conv1,29,1,0,0,3,2,3,6,6,88
88,conv1,29,1,1,0,3,7,3,21,12,88
88,conv1,29,1,2,0,3,2,3,6,21,88
88,conv1,29,1,3,0,3,5,3,15,0,88
88,conv1,29,2,0,0,3,2,-1,-2,13,88
88,conv1,29,2,1,0,3,7,-1,-7,8,88
88,conv1,29,2,2,0,3,2,-1,-2,4,88
88,conv1,29,2,3,0,3,5,-1,-5,16,88
88,conv1,29,3,0,0,3,2,1,2,12,88
88,conv1,29,3,1,0,3,7,1,7,14,88
88,conv1,29,3,2,0,3,2,1,2,11,88
88,conv1,29,3,3,0,3,5,1,5,14,88
89,conv1,29,0,0,1,3,5,-4,-20,-47,89
89,conv1,29,0,1,1,3,3,-4,-12,-11,89
89,conv1,29,0,2,1,3,7,-4,-28,-46,89
89,conv1,29,0,3,1,3,4,-4,-16,-38,89
89,conv1,29,1,0,1,3,5,2,10,40,89
89,conv1,29,1,1,1,3,3,2,6,38,89
89,conv1,29,1,2,1,3,7,2,14,47,89
89,conv1,29,1,3,1,3,4,2,8,36,89
89,conv1,29,2,0,1,3,5,-1,-5,22,89
89,conv1,29,2,1,1,3,3,-1,-3,13,89
89,conv1,29,2,2,1,3,7,-1,-7,-1,89
89,conv1,29,2,3,1,3,4,-1,-4,34,89
89,conv1,29,3,0,1,3,5,-2,-10,31,89
89,conv1,29,3,1,1,3,3,-2,-6,45,89
89,conv1,29,3,2,1,3,7,-2,-14,29,89
89,conv1,29,3,3,1,3,4,-2,-8,20,89
90,conv1,29,0,0,2,3,4,0,0,-54,90
90,conv1,29,0,1,2,3,7,0,0,-15,90
90,conv1,29,0,2,2,3,1,0,0,-53,90
90,conv1,29,0,3,2,3,6,0,0,-39,90
90,conv1,29,1,0,2,3,4,-3,-12,32,90
90,conv1,29,1,1,2,3,7,-3,-21,0,90
90,conv1,29,1,2,2,3,1,-3,-3,39,90
90,conv1,29,1,3,2,3,6,-3,-18,-2,90
90,conv1,29,2,0,2,3,4,2,8,22,90
90,conv1,29,2,1,2,3,7,2,14,16,90
90,conv1,29,2,2,2,3,1,2,2,-10,90
90,conv1,29,2,3,2,3,6,2,12,38,90
90,conv1,29,3,0,2,3,4,4,16,58,90
90,conv1,29,3,1,2,3,7,4,28,60,90
90,conv1,29,3,2,2,3,1,4,4,35,90
90,conv1,29,3,3,2,3,6,4,24,25,90
91,conv1,30,0,0,0,3,3,2,6,-7,91
91,conv1,30,0,1,0,3,2,2,4,0,91
91,conv1,30,0,2,0,3,7,2,14,11,91
91,conv1,30,0,3,0,3,5,2,10,-9,91
91,conv1,30,1,0,0,3,3,3,9,18,91
91,conv1,30,1,1,0,3,2,3,6,0,91
91,conv1,30,1,2,0,3,7,3,21,18,91
91,conv1,30,1,3,0,3,5,3,15,30,91
91,conv1,30,2,0,0,3,3,-1,-3,3,91
91,conv1,30,2,1,0,3,2,-1,-2,13,91
91,conv1,30,2,2,0,3,7,-1,-7,2,91
91,conv1,30,2,3,0,3,5,-1,-5,1,91
91,conv1,30,3,0,0,3,3,1,3,10,91
91,conv1,30,3,1,0,3,2,1,2,10,91
91,conv1,30,3,2,0,3,7,1,7,12,91
91,conv1,30,3,3,0,3,5,1,5,14,91
92,conv1,30,0,0,1,3,3,-4,-12,-22,92
92,conv1,30,0,1,1,3,5,-4,-20,-26,92
92,conv1,30,0,2,1,3,5,-4,-20,-30,92
92,conv1,30,0,3,1,3,4,-4,-16,-40,92
92,conv1,30,1,0,1,3,3,2,6,40,92
92,conv1,30,1,1,1,3,5,2,10,22,92
92,conv1,30,1,2,1,3,5,2,10,48,92
92,conv1,30,1,3,1,3,4,2,8,58,92
92,conv1,30,2,0,1,3,3,-1,-3,2,92
92,conv1,30,2,1,1,3,5,-1,-5,12,92
92,conv1,30,2,2,1,3,5,-1,-5,11,92
92,conv1,30,2,3,1,3,4,-1,-4,7,92
92,conv1,30,3,0,1,3,3,-2,-6,49,92
92,conv1,30,3,1,1,3,5,-2,-10,25,92
92,conv1,30,3,2,1,3,5,-2,-10,18,92
92,conv1,30,3,3,1,3,4,-2,-8,36,92
93,conv1,30,0,0,2,3,1,0,0,-28,93
93,conv1,30,0,1,2,3,4,0,0,-27,93
93,conv1,30,0,2,2,3,6,0,0,-34,93
93,conv1,30,0,3,2,3,1,0,0,-46,93
93,conv1,30,1,0,2,3,1,-3,-3,40,93
93,conv1,30,1,1,2,3,4,-3,-12,-7,93
93,conv1,30,1,2,2,3,6,-3,-18,31,93
93,conv1,30,1,3,2,3,1,-3,-3,49,93
93,conv1,30,2,0,2,3,1,2,2,-3,93
93,conv1,30,2,1,2,3,4,2,8,13,93
93,conv1,30,2,2,2,3,6,2,12,18,93
93,conv1,30,2,3,2,3,1,2,2,-1,93
93,conv1,30,3,0,2,3,1,4,4,62,93
93,conv1,30,3,1,2,3,4,4,16,25,93
93,conv1,30,3,2,2,3,6,4,24,47,93
93,conv1,30,3,3,2,3,1,4,4,40,93
94,conv1,31,0,0,0,3,2,2,4,-4,94
94,conv1,31,0,1,0,3,5,2,10,9,94
94,conv1,31,0,2,0,3,5,2,10,-3,94
94,conv1,31,0,3,0,3,3,2,6,-4,94
94,conv1,31,1,0,0,3,2,3,6,0,94
94,conv1,31,1,1,0,3,5,3,15,6,94
94,conv1,31,1,2,0,3,5,3,15,24,94
94,conv1,31,1,3,0,3,3,3,9,9,94
94,conv1,31,2,0,0,3,2,-1,-2,19,94
94,conv1,31,2,1,0,3,5,-1,-5,10,94
94,conv1,31,2,2,0,3,5,-1,-5,1,94
94,conv1,31,2,3,0,3,3,-1,-3,12,94
94,conv1,31,3,0,0,3,2,1,2,14,94
94,conv1,31,3,1,0,3,5,1,5,12,94
94,conv1,31,3,2,0,3,5,1,5,12,94
94,conv1,31,3,3,0,3,3,1,3,13,94
95,conv1,31,0,0,1,3,3,-4,-12,-25,95
95,conv1,31,0,1,1,3,6,-4,-24,-21,95
95,conv1,31,0,2,1,3,4,-4,-16,-46,95
95,conv1,31,0,3,1,3,4,-4,-16,-26,95
95,conv1,31,1,0,1,3,3,2,6,22,95
95,conv1,31,1,1,1,3,6,2,12,30,95
95,conv1,31,1,2,1,3,4,2,8,56,95
95,conv1,31,1,3,1,3,4,2,8,33,95
95,conv1,31,2,0,1,3,3,-1,-3,22,95
95,conv1,31,2,1,1,3,6,-1,-6,8,95
95,conv1,31,2,2,1,3,4,-1,-4,15,95
95,conv1,31,2,3,1,3,4,-1,-4,12,95
95,conv1,31,3,0,1,3,3,-2,-6,39,95
95,conv1,31,3,1,1,3,6,-2,-12,25,95
95,conv1,31,3,2,1,3,4,-2,-8,19,95
95,conv1,31,3,3,1,3,4,-2,-8,43,95
96,conv1,31,0,0,2,3,1,0,0,-26,96
96,conv1,31,0,1,2,3,5,0,0,-22,96
96,conv1,31,0,2,2,3,3,0,0,-51,96
96,conv1,31,0,3,2,3,4,0,0,-29,96
96,conv1,31,1,0,2,3,1,-3,-3,2,96
96,conv1,31,1,1,2,3,5,-3,-15,13,96
96,conv1,31,1,2,2,3,3,-3,-9,49,96
96,conv1,31,1,3,2,3,4,-3,-12,9,96
96,conv1,31,2,0,2,3,1,2,2,17,96
96,conv1,31,2,1,2,3,5,2,10,16,96
96,conv1,31,2,2,2,3,3,2,6,15,96
96,conv1,31,2,3,2,3,4,2,8,12,96
96,conv1,31,3,0,2,3,1,4,4,27,96
96,conv1,31,3,1,2,3,5,4,20,44,96
96,conv1,31,3,2,2,3,3,4,12,38,96
96,conv1,31,3,3,2,3,4,4,16,50,96
97,conv1,32,0,0,0,3,7,2,14,10,97
97,conv1,32,0,1,0,3,7,2,14,-4,97
97,conv1,32,0,2,0,3,2,2,4,-10,97
97,conv1,32,0,3,0,3,5,2,10,11,97
97,conv1,32,1,0,0,3,7,3,21,15,97
97,conv1,32,1,1,0,3,7,3,21,33,97
97,conv1,32,1,2,0,3,2,3,6,6,97
97,conv1,32,1,3,0,3,5,3,15,0,97
97,conv1,32,2,0,0,3,7,-1,-7,8,97
97,conv1,32,2,1,0,3,7,-1,-7,2,97
97,conv1,32,2,2,0,3,2,-1,-2,19,97
97,conv1,32,2,3,0,3,5,-1,-5,16,97
97,conv1,32,3,0,0,3,7,1,7,15,97
97,conv1,32,3,1,0,3,7,1,7,17,97
97,conv1,32,3,2,0,3,2,1,2,16,97
97,conv1,32,3,3,0,3,5,1,5,14,97
98,conv1,32,0,0,1,3,7,-4,-28,-30,98
98,conv1,32,0,1,1,3,7,-4,-28,-62,98
98,conv1,32,0,2,1,3,5,-4,-20,-51,98
98,conv1,32,0,3,1,3,3,-4,-12,-10,98
98,conv1,32,1,0,1,3,7,2,14,45,98
98,conv1,32,1,1,1,3,7,2,14,75,98
98,conv1,32,1,2,1,3,5,2,10,44,98
98,conv1,32,1,3,1,3,3,2,6,26,98
98,conv1,32,2,0,1,3,7,-1,-7,9,98
98,conv1,32,2,1,1,3,7,-1,-7,15,98
98,conv1,32,2,2,1,3,5,-1,-5,28,98
98,conv1,32,2,3,1,3,3,-1,-3,19,98
98,conv1,32,3,0,1,3,7,-2,-14,25,98
98,conv1,32,3,1,1,3,7,-2,-14,24,98
98,conv1,32,3,2,1,3,5,-2,-10,48,98
98,conv1,32,3,3,1,3,3,-2,-6,52,98
99,conv1,32,0,0,2,3,5,0,0,-34,99
99,conv1,32,0,1,2,3,6,0,0,-67,99
99,conv1,32,0,2,2,3,4,0,0,-57,99
99,conv1,32,0,3,2,3,6,0,0,-14,99
99,conv1,32,1,0,2,3,5,-3,-15,25,99
99,conv1,32,1,1,2,3,6,-3,-18,50,99
99,conv1,32,1,2,2,3,4,-3,-12,23,99
99,conv1,32,1,3,2,3,6,-3,-18,-6,99
99,conv1,32,2,0,2,3,5,2,10,12,99
99,conv1,32,2,1,2,3,6,2,12,18,99
99,conv1,32,2,2,2,3,4,2,8,25,99
99,conv1,32,2,3,2,3,6,2,12,21,99
99,conv1,32,3,0,2,3,5,4,20,44,99
99,conv1,32,3,1,2,3,6,4,24,46,99
99,conv1,32,3,2,2,3,4,4,16,61,99
99,conv1,32,3,3,2,3,6,4,24,66,99
100,conv1,33,0,0,0,3,1,2,2,-11,100
100,conv1,33,0,1,0,3,2,2,4,6,100
100,conv1,33,0,2,0,3,5,2,10,5,100
100,conv1,33,0,3,0,3,7,2,14,1,100
100,conv1,33,1,0,0,3,1,3,3,12,100
100,conv1,33,1,1,0,3,2,3,6,-6,100
100,conv1,33,1,2,0,3,5,3,15,18,100
100,conv1,33,1,3,0,3,7,3,21,30,100
100,conv1,33,2,0,0,3,1,-1,-1,5,100
100,conv1,33,2,1,0,3,2,-1,-2,13,100
100,conv1,33,2,2,0,3,5,-1,-5,-2,100
100,conv1,33,2,3,0,3,7,-1,-7,-1,100
100,conv1,33,3,0,0,3,1,1,1,8,100
100,conv1,33,3,1,0,3,2,1,2,8,100
100,conv1,33,3,2,0,3,5,1,5,8,100
100,conv1,33,3,3,0,3,7,1,7,14,100
101,conv1,33,0,0,1,3,1,-4,-4,-18,101
101,conv1,33,0,1,1,3,1,-4,-4,5,101
101,conv1,33,0,2,1,3,2,-4,-8,-6,101
101,conv1,33,0,3,1,3,0,-4,0,-8,101
101,conv1,33,1,0,1,3,1,2,2,26,101
101,conv1,33,1,1,1,3,1,2,2,0,101
101,conv1,33,1,2,1,3,2,2,4,26,101
101,conv1,33,1,3,1,3,0,2,0,38,101
101,conv1,33,2,0,1,3,1,-1,-1,6,101
101,conv1,33,2,1,1,3,1,-1,-1,10,101
101,conv1,33,2,2,1,3,2,-1,-2,-2,101
101,conv1,33,2,3,1,3,0,-1,0,5,101
101,conv1,33,3,0,1,3,1,-2,-2,38,101
101,conv1,33,3,1,1,3,1,-2,-2,26,101
101,conv1,33,3,2,1,3,2,-2,-4,10,101
101,conv1,33,3,3,1,3,0,-2,0,19,101
102,conv1,33,0,0,2,3,7,0,0,-24,102
102,conv1,33,0,1,2,3,7,0,0,-2,102
102,conv1,33,0,2,2,3,3,0,0,-13,102
102,conv1,33,0,3,2,3,2,0,0,-11,102
102,conv1,33,1,0,2,3,7,-3,-21,-1,102
102,conv1,33,1,1,2,3,7,-3,-21,-32,102
102,conv1,33,1,2,2,3,3,-3,-9,3,102
102,conv1,33,1,3,2,3,2,-3,-6,14,102
102,conv1,33,2,0,2,3,7,2,14,10,102
102,conv1,33,2,1,2,3,7,2,14,11,102
102,conv1,33,2,2,2,3,3,2,6,-10,102
102,conv1,33,2,3,2,3,2,2,4,-1,102
102,conv1,33,3,0,2,3,7,4,28,66,102
102,conv1,33,3,1,2,3,7,4,28,50,102
102,conv1,33,3,2,2,3,3,4,12,15,102
102,conv1,33,3,3,2,3,2,4,8,12,102
103,conv1,34,0,0,0,3,3,2,6,-10,103
103,conv1,34,0,1,0,3,2,2,4,2,103
103,conv1,34,0,2,0,3,2,2,4,1,103
103,conv1,34,0,3,0,3,0,2,0,-4,103
103,conv1,34,1,0,0,3,3,3,9,15,103
103,conv1,34,1,1,0,3,2,3,6,-6,103
103,conv1,34,1,2,0,3,2,3,6,3,103
103,conv1,34,1,3,0,3,0,3,0,0,103
103,conv1,34,2,0,0,3,3,-1,-3,12,103
103,conv1,34,2,1,0,3,2,-1,-2,19,103
103,conv1,34,2,2,0,3,2,-1,-2,7,103
103,conv1,34,2,3,0,3,0,-1,0,6,103
103,conv1,34,3,0,0,3,3,1,3,15,103
103,conv1,34,3,1,0,3,2,1,2,12,103
103,conv1,34,3,2,0,3,2,1,2,7,103
103,conv1,34,3,3,0,3,0,1,0,4,103
104,conv1,34,0,0,1,3,6,-4,-24,-28,104
104,conv1,34,0,1,1,3,2,-4,-8,-42,104
104,conv1,34,0,2,1,3,1,-4,-4,3,104
104,conv1,34,0,3,1,3,0,-4,0,-4,104
104,conv1,34,1,0,1,3,6,2,12,27,104
104,conv1,34,1,1,1,3,2,2,4,22,104
104,conv1,34,1,2,1,3,1,2,2,13,104
104,conv1,34,1,3,1,3,0,2,0,4,104
104,conv1,34,2,0,1,3,6,-1,-6,2,104
104,conv1,34,2,1,1,3,2,-1,-2,41,104
104,conv1,34,2,2,1,3,1,-1,-1,2,104
104,conv1,34,2,3,1,3,0,-1,0,6,104
104,conv1,34,3,0,1,3,6,-2,-12,17,104
104,conv1,34,3,1,1,3,2,-2,-4,2,104
104,conv1,34,3,2,1,3,1,-2,-2,45,104
104,conv1,34,3,3,1,3,0,-2,0,17,104
105,conv1,34,0,0,2,3,6,0,0,-30,105
105,conv1,34,0,1,2,3,2,0,0,-48,105
105,conv1,34,0,2,2,3,6,0,0,1,105
105,conv1,34,0,3,2,3,0,0,0,-10,105
105,conv1,34,1,0,2,3,6,-3,-18,2,105
105,conv1,34,1,1,2,3,2,-3,-6,16,105
105,conv1,34,1,2,2,3,6,-3,-18,-21,105
105,conv1,34,1,3,2,3,0,-3,0,4,105
105,conv1,34,2,0,2,3,6,2,12,9,105
105,conv1,34,2,1,2,3,2,2,4,37,105
105,conv1,34,2,2,2,3,6,2,12,6,105
105,conv1,34,2,3,2,3,0,2,0,-2,105
105,conv1,34,3,0,2,3,6,4,24,36,105
105,conv1,34,3,1,2,3,2,4,8,16,105
105,conv1,34,3,2,2,3,6,4,24,55,105
105,conv1,34,3,3,2,3,0,4,0,23,105
106,conv1,35,0,0,0,3,4,2,8,-1,106
106,conv1,35,0,1,0,3,6,2,12,3,106
106,conv1,35,0,2,0,3,5,2,10,-4,106
106,conv1,35,0,3,0,3,6,2,12,3,106
106,conv1,35,1,0,0,3,4,3,12,21,106
106,conv1,35,1,1,0,3,6,3,18,21,106
106,conv1,35,1,2,0,3,5,3,15,21,106
106,conv1,35,1,3,0,3,6,3,18,15,106
106,conv1,35,2,0,0,3,4,-1,-4,-4,106
106,conv1,35,2,1,0,3,6,-1,-6,3,106
106,conv1,35,2,2,0,3,5,-1,-5,7,106
106,conv1,35,2,3,0,3,6,-1,-6,12,106
106,conv1,35,3,0,0,3,4,1,4,7,106
106,conv1,35,3,1,0,3,6,1,6,13,106
106,conv1,35,3,2,0,3,5,1,5,15,106
106,conv1,35,3,3,0,3,6,1,6,17,106
107,conv1,35,0,0,1,3,4,-4,-16,-35,107
107,conv1,35,0,1,1,3,0,-4,0,-12,107
107,conv1,35,0,2,1,3,1,-4,-4,4,107
107,conv1,35,0,3,1,3,7,-4,-28,-31,107
107,conv1,35,1,0,1,3,4,2,8,41,107
107,conv1,35,1,1,1,3,0,2,0,37,107
107,conv1,35,1,2,1,3,1,2,2,23,107
107,conv1,35,1,3,1,3,7,2,14,33,107
107,conv1,35,2,0,1,3,4,-1,-4,4,107
107,conv1,35,2,1,1,3,0,-1,0,13,107
107,conv1,35,2,2,1,3,1,-1,-1,-2,107
107,conv1,35,2,3,1,3,7,-1,-7,9,107
107,conv1,35,3,0,1,3,4,-2,-8,-4,107
107,conv1,35,3,1,1,3,0,-2,0,30,107
107,conv1,35,3,2,1,3,1,-2,-2,41,107
107,conv1,35,3,3,1,3,7,-2,-14,2,107
108,conv1,35,0,0,2,3,1,0,0,-36,108
108,conv1,35,0,1,2,3,3,0,0,-13,108
108,conv1,35,0,2,2,3,3,0,0,1,108
108,conv1,35,0,3,2,3,1,0,0,-34,108
108,conv1,35,1,0,2,3,1,-3,-3,39,108
108,conv1,35,1,1,2,3,3,-3,-9,26,108
108,conv1,35,1,2,2,3,3,-3,-9,14,108
108,conv1,35,1,3,2,3,1,-3,-3,24,108
108,conv1,35,2,0,2,3,1,2,2,5,108
108,conv1,35,2,1,2,3,3,2,6,17,108
108,conv1,35,2,2,2,3,3,2,6,0,108
108,conv1,35,2,3,2,3,1,2,2,5,108
108,conv1,35,3,0,2,3,1,4,4,2,108
108,conv1,35,3,1,2,3,3,4,12,41,108
108,conv1,35,3,2,2,3,3,4,12,56,108
108,conv1,35,3,3,2,3,1,4,4,3,108
109,conv1,36,0,0,0,3,5,2,10,-3,109
109,conv1,36,0,1,0,3,3,2,6,-3,109
109,conv1,36,0,2,0,3,7,2,14,10,109
109,conv1,36,0,3,0,3,4,2,8,-10,109
109,conv1,36,1,0,0,3,5,3,15,18,109
109,conv1,36,1,1,0,3,3,3,9,6,109
109,conv1,36,1,2,0,3,7,3,21,15,109
109,conv1,36,1,3,0,3,4,3,12,24,109
109,conv1,36,2,0,0,3,5,-1,-5,10,109
109,conv1,36,2,1,0,3,3,-1,-3,15,109
109,conv1,36,2,2,0,3,7,-1,-7,8,109
109,conv1,36,2,3,0,3,4,-1,-4,5,109
109,conv1,36,3,0,0,3,5,1,5,16,109
109,conv1,36,3,1,0,3,3,1,3,14,109
109,conv1,36,3,2,0,3,7,1,7,15,109
109,conv1,36,3,3,0,3,4,1,4,14,109
110,conv1,36,0,0,1,3,4,-4,-16,-58,110
110,conv1,36,0,1,1,3,7,-4,-28,-34,110
110,conv1,36,0,2,1,3,1,-4,-4,-24,110
110,conv1,36,0,3,1,3,6,-4,-24,-19,110
110,conv1,36,1,0,1,3,4,2,8,54,110
110,conv1,36,1,1,1,3,7,2,14,36,110
110,conv1,36,1,2,1,3,1,2,2,45,110
110,conv1,36,1,3,1,3,6,2,12,40,110
110,conv1,36,2,0,1,3,4,-1,-4,32,110
110,conv1,36,2,1,1,3,7,-1,-7,10,110
110,conv1,36,2,2,1,3,1,-1,-1,27,110
110,conv1,36,2,3,1,3,6,-1,-6,-11,110
110,conv1,36,3,0,1,3,4,-2,-8,8,110
110,conv1,36,3,1,1,3,7,-2,-14,45,110
110,conv1,36,3,2,1,3,1,-2,-2,34,110
110,conv1,36,3,3,1,3,6,-2,-12,50,110
111,conv1,36,0,0,2,3,7,0,0,-59,111
111,conv1,36,0,1,2,3,2,0,0,-41,111
111,conv1,36,0,2,2,3,1,0,0,-26,111
111,conv1,36,0,3,2,3,2,0,0,-20,111
111,conv1,36,1,0,2,3,7,-3,-21,25,111
111,conv1,36,1,1,2,3,2,-3,-6,34,111
111,conv1,36,1,2,2,3,1,-3,-3,23,111
111,conv1,36,1,3,2,3,2,-3,-6,29,111
111,conv1,36,2,0,2,3,7,2,14,42,111
111,conv1,36,2,1,2,3,2,2,4,6,111
111,conv1,36,2,2,2,3,1,2,2,20,111
111,conv1,36,2,3,2,3,2,2,4,-10,111
111,conv1,36,3,0,2,3,7,4,28,29,111
111,conv1,36,3,1,2,3,2,4,8,64,111
111,conv1,36,3,2,2,3,1,4,4,21,111
111,conv1,36,3,3,2,3,2,4,8,54,111
112,conv1,37,0,0,0,3,3,2,6,1,112
112,conv1,37,0,1,0,3,5,2,10,5,112
112,conv1,37,0,2,0,3,5,2,10,-2,112
112,conv1,37,0,3,0,3,4,2,8,-2,112
112,conv1,37,1,0,0,3,3,3,9,0,112
112,conv1,37,1,1,0,3,5,3,15,12,112
112,conv1,37,1,2,0,3,5,3,15,21,112
112,conv1,37,1,3,0,3,4,3,12,12,112
112,conv1,37,2,0,0,3,3,-1,-3,18,112
112,conv1,37,2,1,0,3,5,-1,-5,7,112
112,conv1,37,2,2,0,3,5,-1,-5,4,112
112,conv1,37,2,3,0,3,4,-1,-4,11,112
112,conv1,37,3,0,0,3,3,1,3,14,112
112,conv1,37,3,1,0,3,5,1,5,12,112
112,conv1,37,3,2,0,3,5,1,5,13,112
112,conv1,37,3,3,0,3,4,1,4,14,112
113,conv1,37,0,0,1,3,1,-4,-4,-36,113
113,conv1,37,0,1,1,3,4,-4,-16,1,113
113,conv1,37,0,2,1,3,6,-4,-24,-47,113
113,conv1,37,0,3,1,3,1,-4,-4,-30,113
113,conv1,37,1,0,1,3,1,2,2,26,113
113,conv1,37,1,1,1,3,4,2,8,24,113
113,conv1,37,1,2,1,3,6,2,12,49,113
113,conv1,37,1,3,1,3,1,2,2,38,113
113,conv1,37,2,0,1,3,1,-1,-1,39,113
113,conv1,37,2,1,1,3,4,-1,-4,-5,113
113,conv1,37,2,2,1,3,6,-1,-6,12,113
113,conv1,37,2,3,1,3,1,-1,-1,26,113
113,conv1,37,3,0,1,3,1,-2,-2,13,113
113,conv1,37,3,1,1,3,4,-2,-8,45,113
113,conv1,37,3,2,1,3,6,-2,-12,4,113
113,conv1,37,3,3,1,3,1,-2,-2,34,113
114,conv1,37,0,0,2,3,1,0,0,-38,114
114,conv1,37,0,1,2,3,4,0,0,0,114
114,conv1,37,0,2,2,3,6,0,0,-51,114
114,conv1,37,0,3,2,3,5,0,0,-36,114
114,conv1,37,1,0,2,3,1,-3,-3,22,114
114,conv1,37,1,1,2,3,4,-3,-12,7,114
114,conv1,37,1,2,2,3,6,-3,-18,32,114
114,conv1,37,1,3,2,3,5,-3,-15,17,114
114,conv1,37,2,0,2,3,1,2,2,38,114
114,conv1,37,2,1,2,3,4,2,8,0,114
114,conv1,37,2,2,2,3,6,2,12,19,114
114,conv1,37,2,3,2,3,5,2,10,26,114
114,conv1,37,3,0,2,3,1,4,4,18,114
114,conv1,37,3,1,2,3,4,4,16,57,114
114,conv1,37,3,2,2,3,6,4,24,33,114
114,conv1,37,3,3,2,3,5,4,20,54,114
115,conv1,38,0,0,0,3,3,2,6,-1,115
115,conv1,38,0,1,0,3,6,2,12,7,115
115,conv1,38,0,2,0,3,4,2,8,-7,115
115,conv1,38,0,3,0,3,4,2,8,2,115
115,conv1,38,1,0,0,3,3,3,9,6,115
115,conv1,38,1,1,0,3,6,3,18,15,115
115,conv1,38,1,2,0,3,4,3,12,21,115
115,conv1,38,1,3,0,3,4,3,12,6,115
115,conv1,38,2,0,0,3,3,-1,-3,12,115
115,conv1,38,2,1,0,3,6,-1,-6,6,115
115,conv1,38,2,2,0,3,4,-1,-4,5,115
115,conv1,38,2,3,0,3,4,-1,-4,14,115
115,conv1,38,3,0,0,3,3,1,3,12,115
115,conv1,38,3,1,0,3,6,1,6,13,115
115,conv1,38,3,2,0,3,4,1,4,13,115
115,conv1,38,3,3,0,3,4,1,4,14,115
116,conv1,38,0,0,1,3,1,-4,-4,7,116
116,conv1,38,0,1,1,3,5,-4,-20,-16,116
116,conv1,38,0,2,1,3,3,-4,-12,-46,116
116,conv1,38,0,3,1,3,4,-4,-16,-17,116
116,conv1,38,1,0,1,3,1,2,2,12,116
116,conv1,38,1,1,1,3,5,2,10,29,116
116,conv1,38,1,2,1,3,3,2,6,47,116
116,conv1,38,1,3,1,3,4,2,8,26,116
116,conv1,38,2,0,1,3,1,-1,-1,3,116
116,conv1,38,2,1,1,3,5,-1,-5,3,116
116,conv1,38,2,2,1,3,3,-1,-3,20,116
116,conv1,38,2,3,1,3,4,-1,-4,12,116
116,conv1,38,3,0,1,3,1,-2,-2,51,116
116,conv1,38,3,1,1,3,5,-2,-10,9,116
116,conv1,38,3,2,1,3,3,-2,-6,9,116
116,conv1,38,3,3,1,3,4,-2,-8,38,116
117,conv1,38,0,0,2,3,3,0,0,2,117
117,conv1,38,0,1,2,3,6,0,0,-19,117
117,conv1,38,0,2,2,3,3,0,0,-52,117
117,conv1,38,0,3,2,3,0,0,0,-20,117
117,conv1,38,1,0,2,3,3,-3,-9,-10,117
117,conv1,38,1,1,2,3,6,-3,-18,-1,117
117,conv1,38,1,2,2,3,3,-3,-9,35,117
117,conv1,38,1,3,2,3,0,-3,0,11,117
117,conv1,38,2,0,2,3,3,2,6,-2,117
117,conv1,38,2,1,2,3,6,2,12,7,117
117,conv1,38,2,2,2,3,3,2,6,17,117
117,conv1,38,2,3,2,3,0,2,0,3,117
117,conv1,38,3,0,2,3,3,4,12,55,117
117,conv1,38,3,1,2,3,6,4,24,24,117
117,conv1,38,3,2,2,3,3,4,12,24,117
117,conv1,38,3,3,2,3,0,4,0,26,117
118,conv1,39,0,0,0,3,7,2,14,6,118
118,conv1,39,0,1,0,3,7,2,14,-3,118
118,conv1,39,0,2,0,3,5,2,10,-4,118
118,conv1,39,0,3,0,3,3,2,6,-2,118
118,conv1,39,1,0,0,3,7,3,21,21,118
118,conv1,39,1,1,0,3,7,3,21,30,118
118,conv1,39,1,2,0,3,5,3,15,15,118
118,conv1,39,1,3,0,3,3,3,9,3,118
118,conv1,39,2,0,0,3,7,-1,-7,5,118
118,conv1,39,2,1,0,3,7,-1,-7,5,118
118,conv1,39,2,2,0,3,5,-1,-5,16,118
118,conv1,39,2,3,0,3,3,-1,-3,18,118
118,conv1,39,3,0,0,3,7,1,7,15,118
118,conv1,39,3,1,0,3,7,1,7,18,118
118,conv1,39,3,2,0,3,5,1,5,19,118
118,conv1,39,3,3,0,3,3,1,3,15,118
119,conv1,39,0,0,1,3,5,-4,-20,-29,119
119,conv1,39,0,1,1,3,6,-4,-24,-45,119
119,conv1,39,0,2,1,3,4,-4,-16,-41,119
119,conv1,39,0,3,1,3,6,-4,-24,-32,119
119,conv1,39,1,0,1,3,5,2,10,47,119
119,conv1,39,1,1,1,3,6,2,12,62,119
119,conv1,39,1,2,1,3,4,2,8,47,119
119,conv1,39,1,3,1,3,6,2,12,31,119
119,conv1,39,2,0,1,3,5,-1,-5,10,119
119,conv1,39,2,1,1,3,6,-1,-6,11,119
119,conv1,39,2,2,1,3,4,-1,-4,26,119
119,conv1,39,2,3,1,3,6,-1,-6,16,119
119,conv1,39,3,0,1,3,5,-2,-10,22,119
119,conv1,39,3,1,1,3,6,-2,-12,29,119
119,conv1,39,3,2,1,3,4,-2,-8,40,119
119,conv1,39,3,3,1,3,6,-2,-12,41,119
120,conv1,39,0,0,2,3,3,0,0,-29,120
120,conv1,39,0,1,2,3,1,0,0,-48,120
120,conv1,39,0,2,2,3,1,0,0,-42,120
120,conv1,39,0,3,2,3,1,0,0,-33,120
120,conv1,39,1,0,2,3,3,-3,-9,29,120
120,conv1,39,1,1,2,3,1,-3,-3,62,120
120,conv1,39,1,2,2,3,1,-3,-3,36,120
120,conv1,39,1,3,2,3,1,-3,-3,26,120
120,conv1,39,2,0,2,3,3,2,6,13,120
120,conv1,39,2,1,2,3,1,2,2,10,120
120,conv1,39,2,2,2,3,1,2,2,24,120
120,conv1,39,2,3,2,3,1,2,2,16,120
120,conv1,39,3,0,2,3,3,4,12,25,120
120,conv1,39,3,1,2,3,1,4,4,39,120
120,conv1,39,3,2,2,3,1,4,4,37,120
120,conv1,39,3,3,2,3,1,4,4,44,120
121,conv1,40,0,0,0,3,1,2,2,-2,121
121,conv1,40,0,1,0,3,1,2,2,2,121
121,conv1,40,0,2,0,3,2,2,4,2,121
121,conv1,40,0,3,0,3,0,2,0,-5,121
121,conv1,40,1,0,0,3,1,3,3,-3,121
121,conv1,40,1,1,0,3,1,3,3,-3,121
121,conv1,40,1,2,0,3,2,3,6,6,121
121,conv1,40,1,3,0,3,0,3,0,3,121
121,conv1,40,2,0,0,3,1,-1,-1,14,121
121,conv1,40,2,1,0,3,1,-1,-1,8,121
121,conv1,40,2,2,0,3,2,-1,-2,1,121
121,conv1,40,2,3,0,3,0,-1,0,3,121
121,conv1,40,3,0,0,3,1,1,1,9,121
121,conv1,40,3,1,0,3,1,1,1,5,121
121,conv1,40,3,2,0,3,2,1,2,4,121
121,conv1,40,3,3,0,3,0,1,0,3,121
122,conv1,40,0,0,1,3,7,-4,-28,-54,122
122,conv1,40,0,1,1,3,7,-4,-28,-50,122
122,conv1,40,0,2,1,3,3,-4,-12,-31,122
122,conv1,40,0,3,1,3,2,-4,-8,-10,122
122,conv1,40,1,0,1,3,7,2,14,35,122
122,conv1,40,1,1,1,3,7,2,14,39,122
122,conv1,40,1,2,1,3,3,2,6,40,122
122,conv1,40,1,3,1,3,2,2,4,19,122
122,conv1,40,2,0,1,3,7,-1,-7,23,122
122,conv1,40,2,1,1,3,7,-1,-7,17,122
122,conv1,40,2,2,1,3,3,-1,-3,12,122
122,conv1,40,2,3,1,3,2,-1,-2,-1,122
122,conv1,40,3,0,1,3,7,-2,-14,17,122
122,conv1,40,3,1,1,3,7,-2,-14,26,122
122,conv1,40,3,2,1,3,3,-2,-6,40,122
122,conv1,40,3,3,1,3,2,-2,-4,45,122
123,conv1,40,0,0,2,3,2,0,0,-55,123
123,conv1,40,0,1,2,3,2,0,0,-52,123
123,conv1,40,0,2,2,3,4,0,0,-33,123
123,conv1,40,0,3,2,3,7,0,0,-14,123
123,conv1,40,1,0,2,3,2,-3,-6,27,123
123,conv1,40,1,1,2,3,2,-3,-6,32,123
123,conv1,40,1,2,2,3,4,-3,-12,24,123
123,conv1,40,1,3,2,3,7,-3,-21,-4,123
123,conv1,40,2,0,2,3,2,2,4,25,123
123,conv1,40,2,1,2,3,2,2,4,18,123
123,conv1,40,2,2,2,3,4,2,8,16,123
123,conv1,40,2,3,2,3,7,2,14,7,123
123,conv1,40,3,0,2,3,2,4,8,24,123
123,conv1,40,3,1,2,3,2,4,8,35,123
123,conv1,40,3,2,2,3,4,4,16,54,123
123,conv1,40,3,3,2,3,7,4,28,75,123
124,conv1,41,0,0,0,3,6,2,12,14,124
124,conv1,41,0,1,0,3,2,2,4,-14,124
124,conv1,41,0,2,0,3,1,2,2,2,124
124,conv1,41,0,3,0,3,0,2,0,-1,124
124,conv1,41,1,0,0,3,6,3,18,12,124
124,conv1,41,1,1,0,3,2,3,6,24,124
124,conv1,41,1,2,0,3,1,3,3,-9,124
124,conv1,41,1,3,0,3,0,3,0,-3,124
124,conv1,41,2,0,0,3,6,-1,-6,0,124
124,conv1,41,2,1,0,3,2,-1,-2,-2,124
124,conv1,41,2,2,0,3,1,-1,-1,17,124
124,conv1,41,2,3,0,3,0,-1,0,6,124
124,conv1,41,3,0,0,3,6,1,6,8,124
124,conv1,41,3,1,0,3,2,1,2,8,124
124,conv1,41,3,2,0,3,1,1,1,9,124
124,conv1,41,3,3,0,3,0,1,0,3,124
125,conv1,41,0,0,1,3,6,-4,-24,-13,125
125,conv1,41,0,1,1,3,2,-4,-8,-52,125
125,conv1,41,0,2,1,3,6,-4,-24,-16,125
125,conv1,41,0,3,1,3,0,-4,0,-31,125
125,conv1,41,1,0,1,3,6,2,12,32,125
125,conv1,41,1,1,1,3,2,2,4,52,125
125,conv1,41,1,2,1,3,6,2,12,11,125
125,conv1,41,1,3,1,3,0,2,0,21,125
125,conv1,41,2,0,1,3,6,-1,-6,-4,125
125,conv1,41,2,1,1,3,2,-1,-2,16,125
125,conv1,41,2,2,1,3,6,-1,-6,7,125
125,conv1,41,2,3,1,3,0,-1,0,26,125
125,conv1,41,3,0,1,3,6,-2,-12,15,125
125,conv1,41,3,1,1,3,2,-2,-4,12,125
125,conv1,41,3,2,1,3,6,-2,-12,37,125
125,conv1,41,3,3,1,3,0,-2,0,11,125
